Abner Vinicius,D/WB L,19
Adriano,D/WB RL,34
Anderson,GK,21
Bento,GK,20
Bissoli,AM/F C,21
Braga,D/WB R,16
Brener,AM RLC,19
Breno Lopes,AM C,23
Bruno Leite,AM/F C,19
Carlos Eduardo,AM RL* ST,22
Christian Alves,DM,18
Danilo Boza,D RC,21
David Samuel,D C,16
Denner,AM RC,19
Elias,AM RL* ST,19
Erick,AM C,21
Fernando Canesin,AM RC* F C,27
Gabriel,GK,20
Gabriel Fornari,D C,18
Gabriel Morais,ST,17
Guilherme Rink,AM RLC* F C,18
Iago,AM RLC* F C,17
Jader,ST,15
Jaderson,ST,18
Jajá,ST,18
Jandrei,GK,26
Jhonny Lira,D/WB R,16
João Gabriel,D C,16
João Pagoto,AM C,18
João Pedro,DM,17
John Mercado,AM C,17
Jonathan,D/WB/M R,33
Josué Cuero,D/WB R,18
Juan Makil,AM C,16
Juliano,GK,21
Julimar,ST,18
Kauã,D C,16
Kawan,DM,17
Kelvin Antony,AM RLC* F C,16
Khellven,D/WB R,18
Kleiton,ST,20
Léo Cittadini,DM* AM C,25
Léo Gomes,DM,22
Léo Simas,D/WB R,20
Léo Vieira,GK,28
Leonardo Costa,AM RLC* F C,16
Leonardo Linck,GK,18
Luan Patrick,D C,17
Luca Caio,D L,18
Lucas Guido,AM C,17
Lucas Halter,D C,19
Lucho González,AM C,38
Luiz Fernando,AM L* ST,19
Luiz Silvestre,DM,16
Marcio Azevedo,D/WB L,33
Marquinhos Gabriel,AM RL,28
Matheus Anjos,AM C,20
Nikão,AM RLC* F C,26
Orlando,GK,16
Pedrão,D RC,22
Pedrinho,AM RL,19
Pedro do Rio,DM,18
Raimar,AM C,17
Reginaldo,D C,17
Reinaldo,AM RC* F C,18
Renan Soares,AM RLC* F C,18
Róbson Bambu,D C,21
Ruan Librelato,AM C,16
Santos,GK,29
Thiago Heleno,D C,30
Thiago Souza,AM L* ST,20
Tiago Gomes,GK,16
Victor Cruz,M RC,18
Vinícius,ST,19
Vinicius Kaue,AM RLC* F C,16
Vinicius Pertile,AM C,16
Vitinho,AM RLC* F C,20
Walber,D C,22
Welligton Rocha,D C,18
Wellington,DM,28
Wesley,D C* DM,19
Zé Ivaldo,D C,22
Caio Vinícius,DM,20
Chocolate,AM C,19
Cristhyan,AM RL* ST,19
Danilo Alves,D C,17
Dudu,D/WB/M R,22
Éder Ferreira,D C* DM,24
Edson,DM,28
Edson Júnior,ST,24
Gabriel Bernard,GK,18
Gilvan,D C,29
Guga,DM,18
Gustavo Ferrareis,AM LC,23
Jean,GK,23
João Pedro,AM LC,22
Jorginho,AM LC,28
Júlio César,AM RC,24
Juninho Brandão,ST,24
Kozlinski,GK,28
Léo,GK,17
Luan Patric,D/WB R* DM,18
Luan Sales,D/WB R,18
Lucas Pereira,GK,21
Marlon Freitas,DM,24
Matheus,AM LC,26
Matheus Vargas,AM RLC,23
Michel Custódio,D C,18
Moacir,D/WB R* DM,33
Moraes,D/WB L,21
Nicolas,D/WB/M L,21
Oliveira,D C,23
Reginaldo,D/WB/AM R,26
Renato Kayser,AM RL* ST,23
Ricardo Silva,DM,17
Vágner Júnior,AM RL,20
Wendell,GK,27
Adriano,DM,19
Alessandro Vinícius,AM RC,20
Allan,DM,22
Bruninho,AM LC,19
Bruno Michel,AM RC,20
Bruno Silva,AM L* ST,19
Calebe,AM C,19
Carlos Daniel,D/WB R,17
Carlos Manuel,D/WB R* DM,18
Clayton,AM RLC* F C,23
Correia,D C,18
Cristian,GK,17
Deivison,AM C,18
Diego Tardelli,AM RLC* F C,34
Dylan Borrero,AM L* ST,17
Echaporã,AM/F C,19
Edinho,AM R,24
Fábio Santos,D/WB/M L,33
Felipe,ST,16
Franco Di Santo,AM/F C,30
Gabriel,D C,24
Gabriel Pires,D/WB L,20
Germano,D/WB R,18
Guga,D/WB RL,20
Guilherme,AM R* ST,18
Guilherme Arana,D/WB/M L,22
Guilherme Castilho,DM,19
Guilherme Silva,ST,16
Gustavo Blanco,DM* AM RC,24
Gustavo Henrique,D C,19
Hyoran,AM RC,26
Hyuri,AM RLC* F C,27
Igor Rabello,D C,24
Isaque,D C,18
Jair,DM,24
Jean,GK,18
Jefferson Savarino,AM RC,22
José Welison,DM,24
Juan Cazares,AM RLC,27
Kevin,D/WB L,19
Leonardo Griggio,D C,20
Leonardo Silva,D C,40
Leonardo Simoni,D C,17
Lincon,AM C,19
Lucas Hernández,D/WB/M L,26
Lucas Índio,ST,20
Lucas Mineiro,ST,20
Luciano,AM C,19
Luís Eduardo,DM,18
Luís Fernando,AM C,17
Luiz Filipe,AM RL,18
Maicon Bolt,AM RL,29
Maidana,D C,23
Mailton,D/WB R,21
Mansur,D/WB L,26
Marquinhos,AM LC,19
Matheus Alisson,AM L* ST,17
Matheus Campos,D/WB/M L,17
Matheus Lima,D/WB/M R,19
Matheus Mendes,GK,20
Matheus Porto,ST,20
Matheus Stockl,D C* DM,19
Michael,GK,24
Nathan,AM C,23
Neto,DM,16
Patric,D/WB RL* M R,30
Ramón Martínez,DM,23
Réver,D C,34
Rian,ST,18
Ricardo Oliveira,ST,39
Rickson,D/WB L,18
Rómulo Otero,AM RLC,26
Rubens,DM,18
Samuel Toscas,D/WB/M L,19
Sivaldo,GK,18
Talison,D/WB R,19
Thiago Juan,AM R* ST,18
Victor,GK,36
Wesley Hudson,AM C,19
Alesson,AM C,20
Allan Aniz,D/WB R,16
Allyson,AM RL,16
Anderson,GK,35
Anderson Jesus,D RC,24
Ângelo,DM,19
Arthur Caike,AM RL* ST,27
Arthur Rezende,AM RC,25
Caio César,D/WB R,19
Caio Mello,AM C,19
Caique,ST,18
Carlos Daniel,D/WB R,16
Cassiano,GK,20
Cássio,GK,17
Clayson,AM LC* F C,24
Clayton,DM,20
Cristiano,AM RLC* F C,20
Daniel,AM C,23
Daniel,ST,18
Daniel Júnior,ST,16
Diego Talisca,D C,18
Dimitri,AM RLC,19
Douglas Borel,D/WB/AM R,17
Douglas Friedrich,GK,30
Edílson,AM R* ST,19
Edson,DM,21
Eduardo,AM RLC,17
Élber,AM RL,27
Elly Felipe,AM RL* ST,18
Elton,DM,29
Enck,D C,19
Ernando,D LC,31
Fábio Alemão,D C,22
Fernandão,ST,32
Fernando Castro,GK,22
Fessin,AM RLC,20
Flávio,DM* M RC,23
Gabriel Esteves,AM RL,24
Gabriel Matos,D C* DM,16
Giancarlo,AM L* ST,19
Gilberto,AM L* ST,30
Giovanni,D/WB/M L,30
Gregore,DM,25
Guilherme,AM C,16
Guilherme,ST,18
Gustavo,AM RL,22
Hélio Júnior,D/WB L* M C,19
Hiago,D C* DM,17
Ignacio,D C,22
Jádson,DM,25
Jaques,D C,21
Jeferson Douglas,AM RLC,18
João Pedro,D/WB R* AM RC,22
João Pedro Ribeiro,D/WB R,19
João Pedro Sacramento,AM L* ST,16
Josué,DM,19
Júlio Gabriel,AM C,16
Júlio Vinícius,DM,17
Juninho,D C,24
Juninho Capixaba,D/WB L,21
Kaio,AM RL* ST,17
Kattawy,AM RL,28
Kayk,D C,16
Léo Steffen,GK,19
Lepu,D/WB R* DM,22
Liedson,AM RL,16
Lucas Fonseca,D C,33
Lucas Rodrigues,D/WB R,19
Lucas Sales,D C,19
Luciano Buiú,DM,20
Lucimário,D C,17
Luíz Felipe,AM RLC,19
Marcelo Ryan,ST,17
Marco Antonio,AM RLC,21
Mateus Claus,GK,24
Matheus Bahia,D/WB L,19
Matheus Índio,DM,18
Matheus Teixeira,GK,20
Mayk,D/WB L,19
Nino Paraíba,D/WB R,33
Paulinho,DM,22
Paulo Henrique,ST,19
Pedro Carneiro,GK,18
Rafael,GK,17
Railan,AM C,19
Ramon,DM,22
Régis,AM RL,21
Régis,AM RLC,26
Rodrigo,DM,18
Rodriguinho,AM C,31
Ronaldo,GK,16
Ronaldo,D/WB R* DM,22
Rossi,AM RL* ST,26
Ruan,D C,19
Saldanha,ST,19
Thiago Andrade,D/WB/AM R,18
Ueslei,ST,19
Vinícius Barcellos,D C,17
Vinícius Garcia,AM C,22
Wanderson,D C,28
Yuri,D R* DM,25
Zeca,D RL,25
Alex Santana,DM,24
Alexander Lecaros,AM RL,19
Andrew,GK,18
Bochecha,DM,22
Bruno Nazário,AM C,24
Caio Alexandre,DM,20
Cícero,DM* AM LC,34
Danilo Barcelos,D/WB/M L,27
David Sousa,D C,17
Diego,GK,20
Diego Cavalieri,GK,36
Elivelton,D/WB R,19
Ênio,AM/F C,18
Federico Barrandeguy,D R,23
Fernandes,DM* AM C,24
Fernando Costanza,D/WB R,20
Gabriel,AM/F C,17
Gabriel Cortez,AM C,23
Gabriel Novaes,ST,20
Gatito Fernández,GK,31
Guilherme Santos,D/WB L,31
Helerson,D C,21
Henrique Luro,D C,18
Igor Cássio,ST,21
Joel Carli,D C,32
Kanu,D C,22
Keisuke Honda,AM RC,33
Leandrinho,DM* AM C,22
Lucas Barros,D/WB L,19
Lucas Campos,AM RL,21
Luís Henrique,AM RL* ST,17
Luiz Fernando,AM RL,22
Luiz Otávio,DM,22
Marcelo Benevenuto,D C,23
Marcinho,D/WB R,23
Marcos Paulo,DM,19
Marcos Vinícius,AM RC,24
Marquinhos,ST,16
Michel,DM,17
Nicholas,D R,20
Pedro Raul,ST,22
Pedro Villarinho,ST,18
Rafael Navarro,AM L* ST,19
Rhuan,AM LC,19
Ruan Renato,D C,25
Saulo,GK,24
Thiago Reis,ST,18
Thiaguinho,DM,22
Warley,D/WB R,19
Wendel Lessa,DM,17
Wenderson,DM,21
Wesley,D C,18
Alan,D C,20
Alex Amado,AM L* ST,32
André Luiz,GK,19
Bergson,AM LC* F C,28
Bruno Pacheco,D/WB L,27
Charles,DM,23
Cristiano,ST,20
Diogo Silva,GK,32
Eduardo,D/WB RL,32
Eduardo Brock,D LC,28
Enzo,GK,19
Fabinho,DM,32
Felipe Baixola,AM LC,29
Fernando Prass,GK,40
Fernando Sobral,AM C,24
Gabriel Lacerda,D C,20
Guilherme,D C,20
Jadson,D C* DM,20
Juninho Quixadá,AM RLC* F C,33
Kelvyn,D L* DM,20
Klaus,D C,25
Leandro Carvalho,AM R,24
Léo Chu,AM L* ST,19
Lima,AM C,23
Lucas Bessa,DM,19
Lucas França,GK,23
Luís David,ST,18
Luiz Otávio,D C,30
Martha,D/WB R* M C,22
Mateus Eduardo,GK,18
Mateus Farias,D/WB L,18
Mateus Gonçalves,AM RLC,24
Matheus Cabral,GK,20
Pablo,AM C,18
Pedro Lucas,GK,17
Rafael Almada,ST,16
Rafael Carvalheira,AM C,20
Rafael Sóbis,AM LC* F C,34
Ricardinho,AM C,33
Richard,GK,28
Rick,ST,19
Rodrigão,ST,25
Rogério,AM RL* ST,28
Samuel Xavier,D RL* DM,29
Tiago,D C,29
Tiago Cunha,ST,19
Valdo,D C,27
Vinícius,AM RLC,28
Wescley,AM RL* ST,27
Willian Oliveira,DM,27
Adson,AM RC,18
Angelo Araos,AM C,22
Antony,ST,17
Arlindo,ST,22
Bruno Méndez,D RC,19
Camacho,DM,29
Carlos Augusto,D LC,20
Cássio,GK,32
Cauê Santos,ST,16
Daniel Marcos,D/WB R,17
Danilo Avelar,D LC,30
Diego Riechelmann,GK,19
Du,DM,19
Ederson,DM,19
Eduardo Capellari,GK,18
Eduardo Tanque,AM R* ST,16
Eugênio,GK,20
Everaldo,AM L* ST,25
Facundo Capellino,DM,20
Fágner,D/WB R,30
Felipe Torres,D C,19
Filipe,GK,21
Gabriel,DM,26
Gabriel Fernandes,AM R* ST,21
Gabriel Gallegos,D R,18
Gabriel Pereira,AM RC,17
Gabriel Silva,AM RL,22
Gil,D C,32
Gildomar,AM LC,21
Guilherme Gallegos,DM,18
Guilherme Vicentini,GK,19
Gustavo Mantuan,AM LC* F C,18
Hugo,ST,21
Hugo Sandoval,ST,19
Igor Morais,D C,21
Jádson,AM RC,35
Janderson,AM RL,20
John Kleber,ST,19
Jorge Colmán,AM/F C,21
Juan David Torres,AM C,18
Julio Henrique,D/WB R,16
Kauê,D/WB L* AM C,18
Léo Paraíso,D C,19
Léo Pereira,AM L,19
Léo Santos,D C,20
Luan,AM RLC* F C,26
Lucas Belezi,D C,16
Lucas Pires,D/WB L* AM R,18
Lucas Piton,D/WB L,18
Márcio Ferrari,M C,23
Marllon,D C,27
Mateus Vital,AM RLC,21
Matheus Araújo,AM RLC,17
Matheus Davó,ST,19
Matheus Donelli,GK,17
Mauro Boselli,ST,34
Michel Macedo,D/WB R,29
Nathan,ST,19
Pablo,AM R* ST,19
Pedrinho,AM RC,21
Pedro Henrique,D C,23
Ramiro,D R* DM* AM RC,26
Reifit,ST,17
Richard,AM RL* ST,17
Richard,DM,25
Rodrigo Fernandes,D C,21
Rodrigo Varanda,AM/F C,16
Ronald,D C,19
Roni,DM,20
Ruan Oliveira,AM C,19
Sidcley,D/WB/AM L,26
Vágner Love,AM LC* F C,35
Víctor Cantillo,DM,25
Vitinho,AM RLC* F C,19
Walisson,ST,19
Walter,GK,31
Warian,DM,23
Wesley,AM R,19
Willian,D/WB L,20
Xavier,DM,19
Yago,GK,19
Yago Fernando,D C,26
Yony González,AM RL,24
Alex Muralha,GK,29
Ângelo,D/WB L,18
Caetano,D LC,20
César,GK,24
Gabriel,AM R* ST,29
Geovane,D C,22
Giovanni,AM RC,25
Giovanni Augusto,AM RLC,29
Guilherme Biro,D/WB L* AM L* ST,19
Henrique Vermudt,D C* DM,20
Iago Dias,AM R* ST,26
Igor Jesus,ST,18
Kazu,D/WB L,19
Lucas Ramon,D/WB R,24
Luiz Henrique,AM RC,20
Márcio Gleyson,D C,17
Marco Montes,GK,19
Matheus Bueno,AM C,20
Matheus Galdezani,DM,27
Matheus Henrique,DM,19
Matheus Sales,DM,24
Natanael,D/WB R,17
Nathan,AM L,20
Nathan Ribeiro,D C,29
Nathan Silva,D C* DM,22
Patrick Vieira,D/WB RL,28
Rafael Lima,D C,33
Rafael William,GK,17
Rafinha,AM LC,35
Renê Júnior,DM,29
Rhodolfo,D C,32
Róbson Fernandes,AM RC* F C,28
Rodolfo,D C,24
Ruy,AM LC,30
Sabino,D C,22
Sassá,AM L* ST,25
Serginho,DM* AM C,32
Thiago Moreira,D C,17
Wanderley,ST,30
Wellissol,AM LC,21
William Matheus,D/WB L,29
Wilson,GK,35
Yan Couto,D/WB R,17
Yuri,D C,18
Bill,AM RL* ST,20
Braian,D/WB R,18
Bruno Henrique,AM L* ST,28
Caio,D L,17
Carlos Daniel,AM R,17
César,GK,27
Daniel Cabral,DM,17
Denilson,AM C,18
Dhouglas,DM,17
Diego,AM LC,34
Diego Alves,GK,34
Diego Ritter,D C,15
Everton Ribeiro,AM RLC,30
Felipe,ST,16
Filipe Luís,D/WB L,33
Gabriel Barbosa,AM R* ST,22
Gabriel Batista,GK,21
Gabriel Borsatto,AM C,17
Gabriel Noga,D C,17
Gérson,AM RLC,22
Giorgian De Arrascaeta,AM LC,25
Guilherme Bala,ST,17
Gustavo Alemão,D C* DM,19
Gustavo Henrique,D C,26
Hugo Marques,D C,17
Hugo Moura,DM,21
Hugo Souza,GK,20
Ítalo,D/WB L,18
João Fernando,GK,18
João Gabriel,ST,17
João Gomes,DM,18
João Lucas,D/WB R,21
Lázaro,AM LC* F C,17
Léo Pereira,D C,23
Lincoln,ST,18
Lucas Gabriel,M C,18
Lucas Silva,AM RL* ST,21
Luis Caicedo,ST,18
Matheus Alves,DM,19
Matheus Dantas,D C,20
Matheus França,D/WB R,18
Max,AM C,18
Michael,AM RL,23
Natan,D C,18
Orlando Berrío,AM RL,28
Otávio,D C,17
Pablo,D L,19
Pedro,ST,22
Pedro Arthur,AM L* ST,17
Pedro Caracoci,GK,19
Pedro Rocha,AM L* ST,24
Pedro Victor,GK,18
Pepê,AM C,21
Rafael Santos,D LC,21
Rafinha,D/WB RL,33
Ramon,D/WB L,18
Renê,D/WB L,26
Rhyan,ST,18
Richard Ríos,AM C,19
Robert Piris,DM,24
Rodrigo Caio,D C* DM,25
Rodrigo Muniz,ST,18
Ronald,ST,17
Ryan Luka,ST,16
Sidney,D L,18
Thiago Fernandes,AM R* ST,18
Thiago Maia,DM,22
Thiago Santos,AM RL,24
Thuler,D C,20
Tiago,D C,19
Victor Hugo,GK,19
Vinicius Souza,DM,20
Vitinho,AM RLC* F C,25
Vitinho,D/WB L,18
Wendel,ST,18
Weverton,ST,17
Willian Arão,DM,27
Yuri César,AM RLC,19
Yuri Oliveira,AM C,18
André Trindade,DM,17
Caio Paulista,AM RL,21
Calegari,D/WB R* DM,17
Denilson,AM C,19
Digão,D C,31
Diogo,DM,17
Diogo,D/WB R,21
Dodi,DM* AM C,23
Egídio,D/WB L,33
Evanilson,AM L* ST,19
Felippe Cardoso,AM R* ST,20
Fernando Pacheco,AM RL,20
Frazan,D C,23
Gabriel Capixaba,AM RL,21
Ganso,AM C,29
Geovani,D C,19
Gilberto,D/WB/M R,25
Henrique,DM,34
Hudson,D/WB R* DM,31
Igor Julião,D/WB R,24
Jefferson,AM RL,17
João Cipriano,D C,16
João Lopes,GK,23
John Kennedy,AM L* ST,17
Kaká,AM RL,17
Kayky,AM C,16
Luan Freitas,D C,18
Luan Vítor,GK,17
Lucas Barcelos,AM R* ST,20
Luccas Claro,D C,27
Luiz Henrique,ST,18
Macula,AM L* ST,19
Marcelo Pitaluga,GK,16
Marcos Felipe,GK,23
Marcos Paulo,AM LC,18
Martinelli,DM,17
Matheus Alessandro,AM RLC* F C,22
Matheus Cassini,AM RLC* F C,23
Matheus Ferraz,D C,34
Matheus Martins,AM LC,15
Matheus Pato,ST,24
Metinho Silu,DM,16
Michel Araújo,AM RL* ST,22
Miguel Silveira,AM RC,16
Muriel,GK,32
Nascimento,DM,19
Nenê,AM RLC* F C,37
Nino,D C,22
Orinho,D L,24
Pablo Dyego,D R* AM RL,25
Paulo Filho,GK,18
Paulo Victor,AM C,20
Rodolfo,GK,28
Samuel,AM L* ST,18
Wallace,AM C,18
Wellington Silva,AM RL* ST,26
Wisney,D/AM R,20
Yago Felipe,AM RC,24
Yuri,DM,24
Bruno Melo,D/WB L,26
Carlinhos,D/WB L,32
Clayvert Simeone,ST,19
Clodoaldo,AM/F C,40
David,AM RL* ST,23
Derley,D C* DM,32
Éderson,AM/F C,30
Edson Cariús,ST,30
Felipe,DM,25
Felipe Alves,GK,31
Felipinho,AM LC,21
Gabriel Dias,D RC* DM,25
Geilson,DM,18
Gustavo Coutinho,ST,20
Isaac,AM C,17
Jackson,D C,30
João Bernardo,AM C,20
Joao Paulo,D C,21
Juan Quintero,D C,24
Juninho,M C,33
Kennedy,GK,19
Luiz Henrique,AM RC* F C,20
Luiz Henrique,AM C,20
Madson,AM RL,19
Marcelo Boeck,GK,34
Mariano Vázquez,AM RLC,26
Marlon,AM RLC,29
Matheus Jesus,GK,22
Max Walef,GK,25
Michel,D C* DM,29
Miguel,D/WB L,19
Nenê Bonilha,M C,27
Osvaldo,AM RL* ST,32
Otávio,DM,19
Paulão,D C* DM,33
Reginaldo,ST,19
Rener,D/WB R,18
Rinaldo,ST,43
Roger Carvalho,D C,32
Romarinho,AM L,25
Santiago Romero,DM* M RC,29
Tião,DM,18
Tinga,D/WB R,25
Wellington Paulista,ST,36
Zé Gabriel,DM,20
Breno,D R* DM,18
Caju,D/WB L,23
Cleuber,D/WB R,20
Daniel,D/WB L,19
Daniel Bessa,AM C,26
Daniel Villalva,AM RL* ST,27
David Duarte,D C,25
Fábio Sanches,D C* DM,28
Filipe Trindade,DM,19
Flavio Henrique,AM C,20
Gabriel Rodrigues,D/WB L,19
Gilberto Jr,D C* DM,30
Gustavinho,D/WB L,19
Henrique Almeida,ST,28
Henrique Lordelo,DM,19
Heron,D C,18
Iago Mendonça,D C,20
Ignacio Jara,AM C,22
Índio,AM RC,18
Jardel,D C,19
Jefferson,D/WB L,22
Jhonatam,D C,17
João Juvena,DM,20
João Marcos,ST,19
Johnatan Broca,AM C,20
Juan Pintado,D/WB/M R,21
Kaio,AM C,23
Kevin Quevedo,AM RL,22
Léo Sena,AM C,23
Lucão,D C,23
Lucão,ST,27
Lucas Lima,D R,19
Luis Felype,GK,18
Luiz Gustavo,D RC* DM,25
Madison,DM,20
Marcelo Rangel,GK,31
Marcinho,AM RLC,24
Matheus,GK,24
Miguel Figueira,DM,19
Mike,AM RL* ST,26
Pedro Marinho,AM R,19
Rafael Moura,ST,36
Rafael Vaz,D C* DM,30
Ratinho,AM C,22
Rezende,DM,24
Samuel,ST,19
Sandro,DM,30
Tadeu,GK,27
Taylon,D RC,19
Thalles,AM C,21
Vanderley,D C,19
Victor Andrade,AM RL,23
Vidal,D/WB R,22
Vinicius Lopes,ST,20
Walisson Pequeno,AM RC,20
Yago Rocha,D/WB R,25
Zé Vitor,M RC,19
Zeca,ST,22
Zika,AM RC,17
Abreu,DM,19
Adrian,AM C,18
Adriel,GK,18
Alison Calegari,D C,18
Alisson,AM RL,26
André,ST,28
Bitelo,AM LC,19
Brenno,GK,20
Caio Henrique,D/WB L* DM* M LC,21
Caique,DM,17
Carlos Eduardo,D/WB R,19
Cortez,D/WB/M L,32
Darlan Mendes,DM,21
David Braz,D C,32
Diego Rosa,DM,16
Diego Souza,AM RC* F C,34
Elias,AM R* ST,17
Emanuel,D C,19
Ericson,D RC,20
Everton,AM RL* ST,23
Fabio,ST,20
Felipe,GK,19
Felipe Albuquerque,D/WB R,19
Fernando Henrique,DM,18
Ferreira,AM LC,21
Gabriel Biteco,AM C,20
Gabriel Chapecó,GK,19
Gazão,DM,17
Geromel,D C,33
Gonçalves,AM C,18
Gui Azevedo,AM R,18
Gui Dantas,AM C,20
Guilherme Boer,GK,20
Guilherme Borges,D/WB R,21
Guilherme Guedes,D/WB L,20
Hernandes,AM/F C,19
Isaque,AM LC* F C,22
Ivison,D C,17
Jean Pyerre,AM C,21
Jhonata Varela,D/WB L* DM,18
João Guilherme,D C,19
João Pedro,D/WB L,16
Júlio César,GK,32
Kevin,D/WB R,21
Léo Bicca,D/WB R,19
Léo Fenga,ST,17
Leonardo Gomes,D/WB R* DM,23
Lucas Araújo,DM,20
Lucas Silva,DM,26
Luciano,AM RLC* F C,26
Luis Orejuela,D/WB RL,23
Maicon,DM* AM C,33
Marcelo Oliveira,D LC* DM,32
Matheus Frizzo,D/WB L* AM C,20
Matheus Henrique,DM,21
Matheus Nunes,D/WB L,19
Matheus Pagliarini,AM C,18
Natã,D C,18
Patrick,AM LC,20
Paulo Miranda,D RC,30
Paulo Victor,GK,32
Pedro Lucas,AM/F C,16
Pepê,AM RL,22
Phelipe Megiolaro,GK,20
Rafael Costa,D C,18
Rafael Esculapio,D C,19
Rafael Klein,D C,20
Rafinha,AM C,19
Ramon Netto,ST,20
Raphael Stard,AM C,20
Rildo,AM C,19
Rodrigues,D C,21
Ruan,GK,17
Ruan,D C,20
Thaciano,DM* AM C,24
Thiago Neves,AM RLC,34
Truyts,D C,22
Valber,ST,16
Vanderlei,GK,35
Vanderson,D/WB R,18
Victor Bobsin,DM,19
Victor Ferraz,D R,31
Vini Paulista,AM LC* F C,18
Vinicius Machado,GK,19
Vitinho,D/WB L,17
Walter Kannemann,D LC,28
Wesley Lima,D/WB/M R,17
Adriel,D C,18
Andrés D'Alessandro,AM RLC,38
Bernardo,M R,17
Boschilia,AM RLC,23
Bruno Fuchs,D C,20
Caio,ST,18
Carlos Eduardo,D C,18
Carrijo,D/WB R,18
Cazzetta,D L,18
Cesinha,AM C,18
Damián Musto,DM,32
Daniel,GK,25
Danilo Fernandes,GK,31
Davis,D C,16
Dudu,AM C,18
Edenílson,D/WB R* DM* M RC,29
Emerson Júnior,GK,19
Enzo,ST,16
Erik,D/WB L,18
Guilherme Pato,AM RL* ST,18
Gustavo,ST,25
Heitor,D/WB R,18
Jhonata,ST,20
João Victor,AM/F C,18
Johnny,ST,17
Jonathan,DM,18
Juliano Fabro,M C,20
Keiller,GK,22
Leonardo,ST,18
Leonardo Borges,D/WB L,18
Lucas Leandro,GK,20
Lucas Mazetti,D/WB R,18
Lucas Ramos,M C,18
Luiz Henrique,ST,18
Marcelo Lomba,GK,32
Marcos Guilherme,AM C,23
Martín Sarrafiore,AM RC,21
Mateus Rodrigues,D/WB L,20
Matheus Monteiro,AM/F C,19
Mesaque,AM C,17
Moisés,D/WB L,24
Murilo,DM,18
Natanael,D/WB L,28
Netto,AM RC,21
Nicolas,AM R,18
Nonato,DM* AM C,21
Paolo Guerrero,ST,35
Patrick,DM* AM LC,26
Patrick Sales,ST,20
Pedro Henrique,D C,18
Pedro Henrique,AM RLC* F C,19
Peglow,AM/F C,17
Praxedes,AM C,17
Raphinha,D/WB L,19
Renzo Saravia,D/WB R,26
Roberto,D C,21
Rodinei,D/WB/M R,27
Rodrigo Dourado,DM,25
Rodrigo Lindoso,DM,30
Rodrigo Moledo,D C,31
Thiago Galhardo,AM C,29
Tiago Barbosa,D C,17
Uendel,D/WB/M L,30
Víctor Cuesta,D C* DM,30
Volnei,D C,19
William Pottker,AM R* ST,25
Zé Aldo,AM RC,20
Zé Gabriel,DM* AM RC,20
Alan,AM C,19
Alejandro Guerra,AM RC,33
Anibal,ST,19
Bartolomeu,ST,17
Bruno Carcaioli,GK,16
Bruno Henrique,DM,29
Daniel de Melo,ST,17
Danilo,AM C,18
Diego Miticov,D/WB R,17
Diguinho,D RC,18
Diogo Barbosa,D/WB L,26
Dudu,AM RL,27
Edu Dracena,D C,38
Eduardo,D/WB L,17
Emerson Santos,D RC,24
Esteves,D/WB/AM L,19
Fabinho,DM,17
Fabricio,ST,18
Felipe Melo,DM,35
Gabriel Góes,DM* AM C,18
Gabriel Menino,DM,18
Gabriel Silva,AM/F C,17
Gabriel Veron,AM RL* ST,16
Gregory,AM C,18
Guilherme Vieira,AM RL* ST,19
Gustavo Garcia,D/WB R,17
Gustavo Gómez,D C,26
Gustavo Scarpa,AM RLC,25
Helder,D C,19
Henri,D C,17
Iván Angulo,AM R,20
Jaílson,GK,37
Jean,D/WB R* DM,33
João Pedro,ST,16
João Pedro,AM C,16
John,AM RL* ST,16
Jonathan,D/WB R,18
Jonathan,D/WB R,16
Kaiky,DM,17
Kaique Mafaldo,D C,18
Leandro,GK,18
Luan,D C,26
Luan Silva,AM RLC,20
Lucas Bergantin,GK,18
Lucas Cordeiro,AM RL* ST,18
Lucas Hian,D/WB R* DM,18
Lucas Lima,AM C,28
Luiz Adriano,AM L* ST,32
Magrão,GK,19
Marcelinho,AM LC* F C,16
Marcos Dias,AM RL,17
Marcos Rocha,D/WB R,30
Marino Hinestroza,AM RL,16
Matheusão,GK,17
Matías Viña,D L,21
Matos,D C,17
Mayke,D/WB R,26
Miqueias,AM C,17
Natan,D/WB RL* DM,19
Natan,GK,16
Nogueira,D/WB L,17
Papagaio,ST,20
Patrick de Lucca,D C* DM,19
Patrick de Paula,DM* AM C,19
Ramires,DM* M RC,32
Ramon,AM C,17
Ramon Ricardo,D/WB/AM R,18
Raphael Veiga,AM C,24
Renan,D LC,17
Rony,AM RL* ST,24
Tomás,AM R,19
Valdenilson,ST,19
Vanderlan,D LC,16
Victor Hugo,DM,17
Victor Luís,D/WB L,26
Victor Michell,ST,16
Vinícius Silvestre,GK,25
Vítor Hugo,D C,28
Vitor Ricardo,D/WB/AM R,19
Wesley,AM RL,20
Weverton,GK,31
Willian,AM RL* ST,32
Yago,D C,16
Zé Rafael,AM RLC,26
Aderlan,D/WB/M R,28
Alerrandro,ST,19
Alex Alves,GK,32
Artur,AM RL,21
Barreto,DM,23
Bruno Tubarão,AM LC,24
Claudinho,AM RLC* F C,22
Cleiton,GK,21
Edimar,D/WB L,33
Fabricio Bruno,D C,23
Júlio César,GK,34
Léo Ortiz,D C,23
Leonardo Realpe,D C,18
Ligger,D C* DM,31
Luan Cândido,D/WB/AM L,18
Matheus Jesus,DM,22
Matheus Peixoto,ST,23
Michael Rangel,D L,20
Morato,AM RLC,26
Pedro Naressi,AM C,21
Ricardo Ryller,DM,25
Robinho,AM L* ST,20
Thonny Anderson,AM LC* F C,21
Uillian Correia,DM,29
Vitinho,AM LC,21
Wesley,AM RL,23
Weverson,D/WB L,18
Weverton,D/WB R,20
Ytalo,AM/F C,31
Alan Cardoso,D/WB/AM L,21
Alex Nascimento,D C,20
Alex Negueba,ST,18
Alexandre Tam,AM R* ST,20
Alison,DM,26
Allanzinho,AM L,19
Anderson Ceará,AM C,20
Antônio Gamaroni,ST,19
Arthur,WB L* AM LC,19
Arthur Gomes,AM RL,20
Athos,M C,20
Brayan,ST,17
Breno,GK,18
Bruninho,ST,20
Bryan Ruíz,AM LC,33
Cadu,D/WB R,17
Caio Mota,AM R* ST,17
Carlos Sánchez,AM RC,34
Daniel Guedes,D/WB R,25
Derick,D C,17
Diego Pituca,DM,26
Diogo Vítor,AM RC,22
Donizete,AM C,19
Eduardo Sasha,AM L* ST,27
Evandro,AM C,32
Éverson,GK,28
Felipe Aguilar,D C,26
Felipe Carvalho,DM,19
Felipe Jonatan,D/WB L,21
Fernando,D RL,19
Fernando Uribe,ST,31
Gabriel,DM,18
Gabriel Oliveira,D C,20
Gabriel Pirani,AM L,17
Giovanni,AM C,17
Guilherme Nunes,DM,20
Gustavo Vilar,D C,19
Heron,D C,19
Ivonei,AM C,17
Jackson Porozo,D C,18
Jean Mota,D/WB L* AM LC,25
Jhonnathan,D C,19
João Paulo,GK,24
Jobson,DM,23
John,GK,23
Kaio Jorge,ST,17
Luan Peres,D LC,24
Lucas Henrique,DM,17
Lucas Lourenço,AM C,18
Lucas Milton,D R,20
Lucas Sena,AM LC,18
Lucas Venuto,AM RC,24
Lucas Veríssimo,D C,23
Lucas Yanase,ST,23
Luiz Felipe,D C,25
Madson,D/WB/AM R,27
Marcos Leonardo,AM L* ST,16
Marinho,AM RL* ST,29
Matheus Moraes,ST,19
Matheus Saldanha,GK,19
Mikael Doquinha,D R,19
Pará,D/WB RL,33
Paulo,GK,18
Pedro Scaramussa,D L,17
Raniel,AM RC* F C,23
Renyer,AM R,15
Robson Reis,D C,19
Sandro Perpétuo,DM,18
Sandry,DM,16
Tailson,AM RLC* F C,20
Victor Yan,DM,18
Vinicius Balieiro,D/WB R,20
Vladimir,GK,29
Wagner Palha,D C* DM,19
Well,ST,18
Yeferson Soteldo,AM RL* ST,22
Yuri Alberto,AM R* ST,18
Alexandre Pato,AM L* ST,29
Alisson,DM,19
Anderson Martins,D C,31
Anílson,D C,17
Antônio Falcão,AM C,17
Antonio Galeano,AM RL* ST,19
Antony,AM RC* F C,19
Arthur Gazze,GK,19
Brenner,ST,19
Bruno Alves,D C,28
Cachoeira,ST,17
Caíque,D/WB/AM L,21
Calazans,D/WB L* AM RLC* F C,23
Carlinhos,D/WB R,20
Cauê,ST,17
Daniel Alves,D/WB/M R,36
Danilinho,AM L,17
Danilo,AM L* ST,20
Diego,D C* DM,19
Ed Carlos,AM C,18
Eduardo,GK,19
Éverton,D/WB L* AM RLC,30
Fabinho,AM/F C,19
Fábio,D C,17
Facundo Costantini,D C,19
Fasson,D LC,18
Felipe Camargo,D LC,20
Gabriel,D C,17
Gabriel Falcão,DM,18
Gabriel Sara,AM C,20
Gonzalo Carneiro,ST,23
Helinho,AM RC,19
Hernanes,DM* AM C,34
Igor Gomes,AM C,20
Igor Vinicius,D/WB R,22
Iseppe,D/WB R* DM,18
João,ST,16
Joao Rojas,AM RL,30
Juan,ST,17
Juan Martínez,AM RLC,18
Juanfran,D/WB R,34
Júnior,GK,20
Kevin,AM C,18
Léo,D/WB L,23
Léo Natel,AM RL,22
Liziero,D/WB L* DM,21
Luan,DM,20
Lucas Perri,GK,21
Luizão,D C,17
Maia,ST,18
Maicosuel,AM RLC,33
Marcos Júnior,DM,19
Marquinhos Alencar,ST,16
Matheus Cunha,GK,18
Matheus Vieira,D C,18
Miguel Augusto,ST,17
Pablo,AM RL* ST,27
Pablo,AM C,17
Pagé,ST,17
Patryck Lanza,D/WB L,16
Paulinho,AM/F C,18
Paulinho Boia,AM RL* ST,21
Pedrinho,AM C,17
Rafael,GK,17
Reinaldo,D/WB L,29
Ricardo,ST,18
Robert Arboleda,D C,27
Rodolfo,D C,18
Rodrigo Nestor,DM,19
Santiago Tréllez,AM L* ST,29
Sena,D/WB R,18
Shaylon,AM RLC,22
Talles,DM,16
Taylor,AM/F C,18
Tchê Tchê,DM,26
Theo,AM C,17
Thiago Couto,GK,20
Thiago Paulo,ST,19
Tiago Volpi,GK,28
Toró,AM LC* F C,20
Vitinho,ST,18
Vitinho,ST,18
Vitor Bueno,AM C,24
Walce,D C,20
Welington,D/WB L,18
Yago,D C,18
Young,GK,17
Adriano,GK,16
Adryelson,D C,21
Adson,AM/F C,18
Alê Santos,D C* DM,20
Betinho,AM C,27
Carlos Eduardo,GK,27
Chico,D C,20
Cléberson Martins,D C* DM,26
Danrlley,ST,17
Diego Noronha,AM RC,27
Douglas,ST,19
Eldder,D/WB R,20
Elenilson,D C,20
Elias,D/WB R,19
Élton,ST,33
Ewandro,AM RLC* F C,23
Ewerthon,D/WB R,18
Hernane,ST,33
Jean Patrick,D/WB R* DM,27
João Igor,M C,23
Jonatan Gómez,AM RC,29
Júlio,AM/F C,16
Juninho,AM LC* F C,20
Leandro Barcia,AM R* ST,26
Luan,AM L* ST,30
Luan Polli,GK,26
Lucas Mugni,AM LC,27
Luciano Juba,D/WB L,19
Maílson,GK,22
Marcão,DM,28
Marquinhos,AM L,22
Matheusinho,DM,20
Maxwell,ST,20
Pablo Pardal,AM RC,20
Pedrão,D C* DM,19
Pedro Maranhão,AM LC,20
Rafael,D/WB R,17
Rafael Thyere,D C,26
Raul Prata,D/WB R,31
Rithely,DM,28
Ronaldo,DM,25
Sander,D/WB L,28
Thallyson,DM,23
Túlio,GK,19
Vicente,D/WB L,24
Willian Farias,DM,30
Yan,AM R,20
Alexander,GK,20
Alexandre,D/WB L,20
Andrey,DM,21
Breno,D C,29
Bruno César,D L* AM LC,30
Bruno Gomes,DM,18
Caio Lopes,DM,18
Cayo Tenório,D/WB R,20
Cláudio Winck,D/WB R,25
Emerson Maranhão,D/WB L,16
Fellipe Bastos,DM,29
Fernando Miguel,GK,34
Fintelman,GK,17
Fredy Guarín,DM* AM C,33
Gabriel Félix,GK,24
Gabriel Pec,AM RLC,18
Germán Cano,ST,31
Gomes,GK,19
Henrique,D/WB L,25
João Pedro,AM LC,19
Jordi,GK,25
Juninho,DM,18
Kaio Magno,ST,19
Laranjeira,DM,19
Leandro Castán,D C,32
Linnick,AM C,20
Luan,ST,19
Lucão,GK,18
Lucas Pederzoli,AM C,19
Lucas Santos,AM RLC* F C,20
Marcos Júnior,D/WB R* DM,24
Marrony,AM RL* ST,20
Martín Benítez,AM RLC* F C,25
Matheus Nunes,DM,18
Mayck,D C,21
Menezes,D C* DM,17
Miranda,D C,19
Nathan,D/WB R,17
Rafael Galhardo,D/WB/AM R,27
Ramón,D/WB/M L,31
Raul,DM,22
Ribamar,ST,22
Ricardo Graça,D C,22
Riquelme,D/WB L,16
Rodrigo Coutinho,D/WB L,20
Rodrigo Gaia,D/WB L,18
Róger,ST,18
Talles Magno,AM RLC* F C,17
Tiago Reis,ST,19
Ulisses,D C,19
Vinícius,AM R* ST,18
Werley,D C,30
Weverton,DM,19
Willian Maranhão,DM,23
Yago Pikachu,D/WB R* AM RL,27
