Aaron Meijers,D/WB/M L,31
Aleksandar Bjelica,D LC,25
Amin Essabri,AM RL,17
Atilla Agirman,M C,17
Benjamin Reemst,AM RC,19
Bienvenue Matabaro,ST,16
Bilal Ould-Chikh,AM RLC,21
Bram Wennekers,AM L* ST,18
Cain Seedorf,AM RC,19
Carlo de Gelder,D R,18
Crysencio Summerville,AM RL,18
Daan Hartemink,AM C,17
Danny Bakker,D C* DM,24
Danté Roethof,D C,18
Dave Star,AM L,16
David van de Riet,GK,17
Dehninio Muringen,D RLC,20
Dion Malone,D RC* DM,30
Elson Hooi,AM RL,27
Emre Ates,D C,16
Erik Falkenburg,AM LC* F C,31
Evan Rottier,AM LC* F C,17
Faissal Zefri,AM LC,16
Feng Zihao,D RLC,19
George Thomas,AM RC* F C,22
Hidde van den Ende,D C,19
Hugo Botermans,ST,19
Hugo Wentges,GK,17
Jamal Amofa,D RLC,20
Jean Fritz Boom,D RC,19
John Goossens,DM* AM LC,30
Jordan Spence,D RC,29
Juliën van Nes,GK,18
Keyennu Lont,AM RL* ST,19
Kilian Nikiema,GK,16
Killian van Mil,AM LC* F C,18
Lance Duijvestijn,DM* AM C,20
Lars Wassenaar,GK,16
Laurens De Bock,D LC,26
Lex Immers,AM/F C,33
Li Sirong,D C,16
Lorenzo van Kleef,M C,18
Luuk Brand,GK,19
Luuk Koopmans,GK,25
Maarten Rieder,AM C,19
Mark Duffy,AM RLC,33
Mats van Kins,AM C,20
Michiel Kramer,ST,30
Mick van Buren,AM R* ST,26
Nadir Achahbar,D C,19
Nick Broekhuizen,ST,18
Niels van Wetten,D RC,20
Nino Vittali,AM C,18
Omar Bogle,ST,25
Pharell de Macker,AM R,16
Quinzairo Boasman,D/WB R,20
Robert Zwinkels,GK,36
Robin Zwartjens,D C,21
Sacha Komljenovic,M C,16
Sam Stubbs,D C,20
Segun Owobowale,AM RL,22
Sem Steijn,AM C,17
Shaquille Pinas,D C* DM,21
Steyn Wijsman,D LC,16
Timo de Vreede,D C* DM,18
Tom Beugelsdijk,D C,28
Tomas Necid,ST,29
Tudor Baluta,D C* DM,20
Wesley Storm,GK,21
Yahya Boussakou,AM RL,19
Youri Schoonderwalt,GK,19
Zakaria Amallah,D/WB L,17
Alen Karahasanovic,AM RLC,16
Alexis Méndez,DM* AM C,18
Anass Salah-Eddine,D LC,17
André Onana,GK,23
Benjamin van Leer,GK,27
Boy Kemper,D LC,20
Brian Brobbey,AM L* ST,17
Bruno Varela,GK,24
Calvin Raatsie,GK,17
Carel Eiting,D C* DM,21
Christian Rasmussen,AM RC* F C,16
Daan Reiziger,GK,18
Daley Blind,D LC* DM,29
Damjan Dostanic,AM/F C,17
Dani van den Heuvel,GK,16
Danilo Pereira,AM R* ST,20
David Neres,AM RL,22
Dean Solomons,D RC,20
Devyne Rensch,D C* DM,16
Diferdio Misidjan,D/WB RL,15
Dominik Kotarski,GK,19
Donny van de Beek,DM* AM C,22
Donny Warmerdam,D C* DM,17
Dusan Tadic,AM RLC* F C,30
Edson Álvarez,D RC* DM,21
Enric Llansana,D C* DM,17
Filip Frei,D/WB RL,18
Hakim Ziyech,AM RLC,26
Harm Dieker,GK,17
Issam El Maach,GK,19
Jasper ter Heide,D L* DM,20
Jay Enem,AM R* ST,16
Jaymillio Pinas,AM R* ST,17
Jenno Campagne,DM* M LC,16
Joël Veltman,D RC,27
Joshua Pynadath,AM RLC,17
Juan Castillo,D/WB/AM L,19
Julius Dirksen,D LC* DM,16
Jurgen Ekkelenkamp,DM* AM C,19
Jurriën Timber,D RLC* DM,18
Kenneth Taylor,D C* DM* M RLC,17
Kian Fitz-Jim,AM LC,15
Kik Braspenning,AM L* ST,16
Kik Pierie,D LC,18
Kjell Scherpen,GK,19
Klaas-Jan Huntelaar,ST,35
Lassina Traoré,ST,18
Leo Thethani,AM RC* F C,20
Liam van Gelderen,D RC* DM,18
Lisandro Martínez,D LC* DM,21
Marijn Dijkstra,GK,16
Max de Waal,AM RC,17
Naci Ünüvar,AM LC* F C,16
Neraysho Kasanwirjo,D RLC,17
Nicolás Tagliafico,D/WB/M L,26
Nordin Musampa,D LC,17
Noussair Mazraoui,D/WB R* DM,21
Perr Schuurs,D RC* DM,19
Quincy Promes,AM RLC,27
Quinten Timber,D C* DM,18
Razvan Marin,DM* AM RC,23
Rio Hillen,D LC* DM,16
Ryan Babel,AM L* ST,32
Ryan Gravenberch,DM* AM LC,17
Sergiño Dest,D/WB RL* M R,18
Sontje Hansen,AM RLC* F C,17
Stan van Bladeren,GK,21
Steven van der Sloot,D/WB/AM R,16
Terrence Douglas,D LC,17
Tunahan Tasci,AM RL,17
Victor Jensen,AM RLC* F C,19
Youri Baas,D LC,16
Youri Regeer,D C* DM* AM C,15
Zakaria Labyad,AM RLC,26
Aaron Menelik,M LC,17
Abdu Touré,AM L,16
Albert Guðmundsson,AM RLC* F C,22
Anton Fase,AM RL* ST,19
Aurelien Mambo-Kwamungu,DM,16
Beau Reus,GK,17
Bram Franken,DM,18
Caine Caïro,AM RL,17
Calvin Stengs,AM RLC,20
Dani de Wit,AM C,21
Daniël Deen,GK,16
Des Kunst,AM LC* F C,19
Fedde de Jong,AM C,16
Félix Correia,AM RLC,18
Ferdy Druijf,ST,21
Finn Stam,D C,16
Floris Quaedvlieg,M LC,16
Fons Gemmel,D/WB RL* DM,18
Fredrik Midtsjø,DM* AM RC,25
Håkon Evjen,AM RLC,19
Henri Weigelt,D C,21
Iman Griffith,AM RLC,17
Ischa Bouwman,GK,16
Jari van der Lippe,DM,16
Jasper Schendelaar,GK,18
Joerie Church,D RC,21
Joey Jacobs,D C,19
Jonas Svensson,D/WB R* DM,26
Jonathan Mulder,DM,17
Jordy Clasie,D C* DM,28
Joris Kramer,D LC* DM,22
Jorn Berkhout,D C,17
Jurre van Aken,D/WB R,16
Justin Baas,D C* DM,19
Justin Bakker,D C,21
Kenzo Goudmijn,DM* AM C,17
Levi de Wilde,M C,15
Luca Vaglica,AM C,17
Luuk Kluiters,D C,16
Luuk Postma,D RC* DM,16
Marco Bizot,GK,28
Mauro Savastano,D/WB L,22
Maxim Gullit,D LC,18
Mees Bakker,GK,18
Mexx Meerdink,ST,15
Mischa Engel,D C,16
Mohamed Taabouni,AM LC,17
Myron Boadu,AM RL* ST,18
Myron van Brederode,AM RLC* F C,15
Nick Twisk,DM,16
Nigel Owusu,D RL,16
Noah de Waal,D/WB R,16
Oussama Idrissi,AM RL,23
Ovando Hoever,D C,16
Owen Wijndal,D/WB/M L,19
Pantelis Hatzidiakos,D RC,22
Peer Koopmeiners,DM,19
Quinten Dekkers,D RL,18
Ramon Leeuwin,D RC* DM,31
Rasmus Wendt,AM RL* ST,19
Rens van der Wacht,M C,20
Richard Sedlacek,WB R* DM* M RC,20
Richonell Margaret,AM RLC* F C,18
Ricuenio Kewal,AM RL,17
Rivano Stacie,D/WB RL,16
Robin Lathouwers,D/WB R,19
Rody de Boer,GK,21
Ron Vlaar,D C,34
Sem Westerveld,GK,16
Soulyman Allouch,AM RLC,17
Stijn Wuytens,D LC* DM,29
Teun Koopmeiners,D C* DM,21
Thijs Oosting,AM LC,19
Thijs Reuvers,AM L,16
Thomas Ouwejan,D/WB L* DM* M LC,22
Tiago Cukur,ST,16
Tijmen Wildeboer,ST,17
Tijs Velthuis,D C,17
Viktor Christiansson,M C,17
Vincent Regeling,D C,22
Yukinari Sugawara,D/WB/AM R,19
Yusuf Barasi,AM L* ST,16
Zakaria Aboukhlal,AM RL* ST,19
Zico Buurmeester,DM,17
Amadou van Leeuwen,D C,16
Anco Jansen,AM RLC,30
Bas Aalderink,D C,17
Ben Scholte,DM* AM C,17
Brian Haak,GK,18
Daniel Bos,D/WB R,20
Dennis Telgenkamp,GK,32
Desevio Payne,D/WB RL,23
Ferhat Görgülü,D LC,27
Filip Ugrinic,AM C,20
Freddy Quispel,AM/F C,18
Glenn Bijl,D/WB R* DM* M R,23
Henk Bos,AM C,26
Hilal Ben Moussa,AM C,27
Jafar Arias,AM/F C,24
Jordy Luchies,D C,18
Joris Adams,ST,18
Julius Duit,D/WB L,18
Kerim Frei,AM RLC,25
Keziah Veendorp,D C* DM,22
Lentini Caciano,AM R,17
Leon Sopic,D C* DM,18
Lorenzo Burnet,D/WB L,28
Luciano Carty,AM LC,17
Luka Adzic,AM RLC,20
Marko Kolar,ST,24
Martijn Bolks,M C,17
Matthias Hamrol,GK,25
Maurice Tinholt,ST,16
Michael Chacón,DM* AM C,25
Michael de Leeuw,AM RC* F C,32
Michaël Heylen,D C* DM,25
Miguel Araujo,D C,24
Nick Bakker,D LC,27
Niklas Beste,D/WB L,20
Nikolai Laursen,AM RLC* F C,21
Pontus Dahlberg,GK,20
Rik Koelewijn,D C,17
Robbert de Vos,AM C,23
Robin Jalving,GK,19
Ruben Roosken,D L,19
Sergio Peña,AM C,23
Shani Tarashaj,AM/F C,24
Stefan van der Lei,GK,26
Tom Hiariej,D RC* DM,30
Wouter Marinus,AM C,24
Ahmed El Messaoudi,D C* DM,23
Ajdin Hrustic,AM RC,23
Ayoub Haddad,D/WB R,18
Azor Matusiwa,D/WB R* DM* M RC,21
Bart van Hintum,D/WB/M L,32
Bjorn Meijer,D/WB/M L,16
Corvin Braun,DM,17
Daishawn Redan,ST,18
Daniël van Kaam,DM* AM LC,19
Deyovaisio Zeefuik,D RC,21
Django Warmerdam,D/WB L* DM* M LC,23
Emircan Gülge,D RC,16
Gabriel Gudmundsson,AM RL,20
Giovanni Zwikstra,ST,18
Görkem Can,D LC,19
Guus Beaumont,DM,17
Jan de Boer,GK,19
Jan Hoekstra,GK,20
Jan Muller,M C,16
Jens Schraven,M C,16
Joel Asoro,AM R* ST,20
Joël van Kaam,AM R,17
Joris Reiziger,M C,18
Kian Slor,AM L* ST,17
Kô Itakura,D C* DM,22
Leonel Miguel,D RC,18
Marco van Duin,GK,32
Max Hamelink,M C,18
Mike te Wierik,D RC,27
Milan de Koe,D C* DM,17
Mo el Hankouri,AM LC,22
Mohamed el Karbachi,AM RLC,18
Nicklas Strunck,DM,19
Nikolas Talo,D C,16
Oscar Hooiveld,GK,18
Oskari Sallinen,DM,18
Oussama El Azzouzi,AM L,18
Pim Betzema,D C,17
Ramon-Pascal Lundqvist,AM RLC,22
Remco Balk,AM L,18
Romano Postema,ST,17
Sam Schreck,AM RC,20
Sergio Padt,GK,29
Sietze de Klerk,D R,16
Tapmahoe Sopacua,D/WB/M R,19
Thijs Dallinga,ST,18
Thom van Rotterdam,GK,17
Thomas Poll,D LC,17
Tomas Suslov,AM C,17
Yannick Hettinga,D C,16
Achraf Madi,M C,17
Aitor Cantalapiedra,AM RL* ST,23
Bram Marsman,AM C,16
Brem Soumaoro,DM,22
Calvin Verdonk,D LC* DM,22
Caspian Dennen,D C,17
Danilio Ruperti,AM RL,15
Emil Berggreen,ST,26
Ennio van der Gouw,GK,18
Giorgi Aburjania,AM C,24
Giovanni Troupée,D/WB R,21
Giovarny Sluiter,ST,17
Godfried Roemeratoe,DM,19
Haris Vuckic,AM RLC* F C,26
Jaden Kelvin Moore,M C,16
Javi Espinosa,AM C,26
Jeffrey de Lange,GK,21
Jesse Bosch,M C,19
Job Derksen,D C,23
Joël Drommel,GK,22
Joel Latibeaudiere,D LC,19
Jorn Brondeel,GK,25
José Matos,D/WB/M L,24
Julio Pleguezuelo,D C,22
Lammert Roossien,ST,17
Lasse Wehmeyer,AM L,17
Lindon Selahi,DM,20
Lorenzo Raharing,AM R,16
Mats Wieffer,D C,19
Mees Hilgers,D C,18
Noa Lang,AM RLC,20
Oriol Busquets,DM,20
Paul Verhaegh,D/WB R,35
Peet Bijen,D C,24
Queensy Menig,AM RL* ST,23
Rafik Zekhnini,AM RL,21
Ramiz Zerrouki,D C* DM,21
Rohat Agca,AM C,17
Sam Karssies,GK,16
Sidney Carvalho,D RC,16
Simon Seppenwoolde,ST,17
Stanislav Dyulgerov,DM,15
Thijs van Leeuwen,M C,17
Tim Hölscher,AM LC,24
Wessel Witbreuk,AM LC* F C,20
Wout Brama,DM* M RC,32
Xandro Schenk,D LC,26
Achraf Boumenjal,M C,16
Adam Maher,DM* AM C,25
Adrián Dalmau,ST,25
Ahmed Azmi,GK,16
Bart Ramselaar,AM RC,23
Christopher Mamengi,D LC,18
Davy van den Berg,M C,19
Denso Kasius,D/WB R,16
Djevencio van der Kust,D/WB L,18
Dragos Albu,DM,18
Eros Maddy,AM RL,18
Fabian de Keijzer,GK,19
Fabio Hendriksen,AM R* ST,17
Gabriël Çulhaci,D/WB L,19
Giovanni de la Vega,AM LC,19
Gyrano Kerk,AM R* ST,23
Hicham Acheffay,AM L,18
Imanuel Bonsu,DM,16
Issah Abass,AM L* ST,20
Jean-Christophe Bahebeck,AM RL* ST,26
Jens Guiting,D C,16
Jeredy Hilterman,ST,21
Jeroen Zoet,GK,28
Joey Houweling,GK,19
Jonas Arweiler,AM LC* F C,22
Jord Ruijgrok,GK,18
Joris van Overeem,AM RLC,25
Joshua Mukeh,D C,15
Juruël Bernadina,ST,16
Justin Hoogma,D C,21
Justin Lonwijk,AM C,19
Kiet Scholten,AM C,17
Kristoffer Peterson,AM RL,24
Lamine Sané,D C* DM,32
Leon Guwara,D LC,23
Maarten Paes,GK,21
Mark Pabai,D/WB R,18
Mark van der Maarel,D RLC,29
Mees Rijks,ST,16
Mehdi Lehaire,AM/F C,19
Mitchell van Rooijen,AM RLC,20
Mohamed Akharaz,AM L,16
Mohammed Mallahi,AM RL* ST,19
Nathan Holder,D C* DM,17
Niciano Grootfaam,D R,18
Odysseus Velanas,M C,21
Oussama Alou,AM C,17
Özcan Yasar,AM RL* ST,17
Rayan El Azrak,AM C,19
Raymond Huizing,D C,17
Reda Akmum,D C,17
Rida el Barjiji,M C,17
Ruben Hoogenhout,D C,20
Ruben Kluivert,D C,18
Sam Tel,D L,17
Sander van de Streek,AM C,26
Sean Klaiber,D/WB R* DM* AM RC,24
Simon Gustafson,AM C,24
Steyn Gerritsen,GK,16
Sylian Mokono,D/WB R,20
Thijmen Nijhuis,GK,20
Tommy St. Jago,D C,19
Tommy van Butselaar,ST,16
Tyrese Gemert,D C,17
Urby Emanuelson,D/WB L* M LC,33
Václav Cerný,AM RL* ST,21
Wes Bottenburg,D C,16
Wessel Speel,GK,17
Willem Janssen,D C* DM,32
Yassin Nasser,AM RL,19
Yassine Tekfaoui,AM L,17
Yuya Ikeshita,M C,17
Zineddine Bourebaba,M C,16
Abdel Belarbi,AM/F C,17
Aimé Omgba,AM L,16
Cheick Touré,AM RL,18
Corné van Houwelingen,M RC,15
Denzel Hall,D RC,18
Denzel Owusu,D RC,16
Devin Remie,GK,16
Dylan Veenvliet,M C,15
Edgar Ié,D RC,25
Elber Evora,GK,19
Enrique van der Lubbe,D C* DM,16
Éric Botteghin,D C,31
George Johnston,D LC,20
Giuliany Ben-David dos Santos,AM RL,16
Guus Baars,D RC,16
Jan-Arie van der Heijden,D C* DM,31
Jens Toornstra,AM RLC,30
Joey Koorevaar,GK,18
Justin Bijlow,GK,21
Kaj van der Veldt,D LC,16
Kars van Veldhoven,D RC* DM,16
Lennard Hartjes,D C,16
Leroy Fer,DM,29
Luciano Narsingh,AM RL,28
Luis Sinisterra,AM RL,20
Lutsharel Geertruida,D RC* DM,18
Marcos Senesi,D C,22
Marouan Azarkan,AM RL,17
Max Christoffel,D/WB L,15
Mirac Akdeniz,ST,17
Morgan Zouan,D C,16
Naoufal Bannis,AM RL* ST,17
Nick Marsman,GK,28
Nicolai Jørgensen,AM LC* F C,28
Noah Lewis,D C,18
Noah Naujoks,DM,17
Oguzhan Özyakup,DM* AM C,26
Omer Gündüz,M C,18
Orkun Kökcü,AM C,18
Quilindschy Hartman,D/WB L* DM* M L,17
Ramon Hendriks,D LC,17
Ramón ten Hove,GK,21
Ravi Yates,D/WB/AM L,17
Renato Tapia,D C* DM,23
Rick Karsdorp,D/WB/M R,24
Ridgeciano Haps,D/WB/AM L,26
Robert Bozenik,ST,19
Robyn Esajas,D L,17
Rodney Huijgen,AM RC,18
Rutger Bax,GK,17
Rychaintelo Knoll,M C,17
Salah Oulad M'Hand,AM C,15
Sam Pak,GK,16
Sem Valk,M C,17
Shiloh 't Zand,AM LC,16
Splinter de Mooij,DM,17
Steven Berghuis,AM RL* ST,27
Sven van Beek,D RC,24
Sven Zitman,M C,17
Tein Troost,GK,17
Thijs Jansen,GK,17
Toshio Lake,AM LC* F C,18
Twan van der Zeeuw,D C,16
Tyrell Malacia,D/WB L,19
Tyrell Tearr,ST,16
Zenya Deurloo,AM L,16
Adnan Ugur,M C,18
Àlex Carbonell,AM C,21
Alexei Koselev,GK,25
Amadou Ciss,AM LC* F C,20
Arian Kastrati,ST,17
Áron Dobos,AM LC* F C,19
Azbe Jug,GK,27
Bas Breukers,ST,16
Bassala Sambou,AM L* ST,21
Bo Breukers,DM,20
Branislav Ninaj,D RC,25
Carlos Faya,M C,17
Cem Hircin,M C,17
Clint Essers,D RC,22
Dimitrios Ioannidis,AM C,19
Djibril Dianessy,AM RL* ST,23
Felix Passlack,D/WB/AM R,21
George Cox,D/WB L,21
Grégoire Amiot,D C,24
Jacky Donkor,AM L* ST,20
Jens Kroon,D/WB R,17
Joep Kluskens,M C,16
Jorrit Smeets,DM* M RC,24
Lazar Kojic,DM,19
Lazaros Rota,D/WB R* DM,21
Leandro Fernandes,DM,19
Liam Houkes,M C,17
Mark Diemers,AM C,25
Martin Angha,D RLC,25
Nassim el Alblak,M C,19
Nikolai Frederiksen,AM R* ST,19
Nuri Emre Aksit,D LC,17
Patrik Raitanen,D C,18
Raghmani Carli,M C,19
Rasmus Karjalainen,AM R* ST,23
Rowen Koot,GK,19
Stijn Hogervorst,D C,16
Tesfaldet Tekie,AM C,22
Tijn Becker,GK,17
Tom Hendriks,GK,17
Vitalie Damascan,ST,21
Wessel Dammers,D C* DM,24
Adrian Szöke,AM/F C,21
Alexander Merkel,AM RC,27
Cyriel Dessers,AM L* ST,24
Dabney dos Santos Souza,AM RLC,22
Dario Van Den Buijs,D C* DM,23
Delano Burgzorg,AM RL* ST,20
Giacomo Quagliata,D/WB/AM L,19
Janis Blaswich,GK,28
Jeff Hardeveld,D LC,24
Jelle van Benthem,D C,20
Jeremy Cijntje,AM RL,21
Jesper Drost,AM RC,26
Joey Konings,AM/F C,21
Koen Bucker,GK,23
Lucas Schoofs,DM,22
Mats Knoester,D C,20
Mauro Júnior,AM RLC* F C,20
Maximilian Rossmann,D RC,24
Michael Brouwer,GK,26
Mohamed Amissi,AM RL,18
Mohammed Osman,AM C,25
Navajo Bakboord,D RC,20
Niels Leemhuis,AM LC,21
Orestis Kiomourtzoglou,DM,21
Reuven Niemeijer,AM LC,24
Robin Pröpper,D C,25
Sebastian Jakubiak,DM,26
Silvester van der Water,AM R* ST,22
Stephen Sama,D C,26
Teun Bijleveld,AM RC,21
Tim Breukers,D/WB R,31
Achraf Abouharrou,M C,15
Anthony Dekono,D/WB L,18
Bram van Polen,D/WB RL,33
Carlos Tomas da Silva,D RLC,18
Chip Engels,AM C,17
Daijiro Chirino,D/WB R* DM,17
Damian van Drenth,GK,16
Darrel Lemmert,D C,16
Dean Huiberts,DM,19
Dennis Johnsen,AM RL,21
Destan Bajselmani,D/WB R,20
Douwe Knevel,GK,16
Eliano Reijnders,M C,18
Elikia Mbinga,DM,18
Enver Spijodic,GK,19
Etienne Reijnen,D RC* DM,32
Ferdi van Looy,D C,18
Finn van Kommer,M C,16
Gabi Caschili,DM,15
Gustavo Hamer,DM* M LC,22
Jan Quispel,DM,17
Jarni Koorman,AM C,20
Jarno Westerman,AM R,17
Jeraily Hosé,D C,17
Jesse Vermaning,D C,17
Josh van Lier,AM L,16
Kenneth Paal,D/WB L* DM,22
Lennart Thy,AM RL* ST,27
Lévay Klooster,D C,17
Lucas Tol,M C,17
Luka Prljic,D C,18
Marc-Olivier Doué,D C,18
Matthew Benschop,D/WB R,18
Max Koelen,AM L,18
Michael Zetterer,GK,23
Mike Hauptmeijer,GK,22
Mike van Duinen,AM L* ST,27
Mike van Ekeren,M C,16
Mustafa Saymak,AM RLC,26
Pelle Clement,AM RLC,23
Quinten van de Graaf,GK,19
Quinten van den Heerik,GK,17
Quinten van den Heerik,ST,17
Reza Ghoochannejhad,AM RL* ST,31
Rick Dekker,D C* DM,24
Rico Strieder,DM,26
Sai van Wermeskerken,D/WB/M R,25
Sam Kersten,D C,21
Samir Lagsir,AM C,16
Steff Kaptein,M C,19
Stijn Hagemans,ST,16
Thomas Lam,D RLC* DM,25
Thomas van den Belt,M C,18
Vito van Crooy,AM RL,23
Xavier Mous,GK,23
Yûta Nakayama,D LC,22
Alberto Puts,D RC,16
Amar Catic,AM RL,20
Andrew Mendonca,DM* AM C,18
Aron van Lare,GK,16
Baggio Wallenburg,D/WB/AM R,20
Bruma,AM RL,24
Cel Teunen,D R,16
Chris Gloster,D/WB L,18
Claudio Gomes,DM,18
Cody Gakpo,AM RL* ST,20
D'Leanu Arts,D C,16
Damian Timan,M RC,18
Dani Mathieu,M C,18
Daniel Schwaab,D RC,30
Dennis Vos,D LC,17
Denzel Dumfries,D RC,23
Djenairo Daniels,ST,17
Donyell Malen,AM RL* ST,20
Dylan Hopman,M C,16
Dyon Dorebosch,AM RC,16
Emmanuel Matuta,D C* DM,17
Erick Gutiérrez,M C,24
Fedde Leysen,D/WB/M L,15
Fodé Fofana,AM RL,16
Fredrik Oppegård,D L* AM C,16
Herman Geelmuyden,ST,17
Ibrahim Afellay,AM RLC,33
Ibrahima Berete,ST,16
Ilyas Bougafer,ST,16
Jason Pigmans,ST,17
Jenson Seelt,D C,16
Jeremy Antonisse,AM L* ST,17
Jesse Giebels,D C,16
Johan Bakayoko,AM RL,16
Joost de Schutter,D C* DM,17
Jordan Teze,D/WB R,19
Jorrit Hendrix,D C* DM,24
Justin de Haas,D LC* DM,19
Kees van Lindert,M C,17
Koen Oostenbrink,D C* DM,19
Kostas Mitroglou,ST,31
Kyan van Dorp,GK,19
Lars Unnerstall,GK,28
Luis Felipe,D C,18
Mathias Kjølø,AM C,18
Mathijs Tielemans,M C,17
Maxime Delanghe,GK,18
Maxime Soulas,D C,20
Mees Kreekels,D C,17
Michal Sadilek,DM* AM C,20
Mike van de Meulenhof,GK,20
Milan van de Riet,AM RL* ST,16
Mohamed Ihattaren,AM RLC,17
Mohamed Nassoh,AM C,16
Mohammed Amin Doudah,D C* DM,16
Mylian Jimenez,M C,16
Naïm Matoug,AM C,16
Nawaaz Landfeld,D LC,16
Nick Viergever,D LC* DM,29
Nigel Thomas,AM R,18
Noni Madueke,AM RLC,17
Olivér Horváth,AM L,18
Olivier Boscagli,D LC,21
Pablo Rosario,D C* DM,22
Peter Strijbosch,GK,17
Ricardo Rodríguez,D LC* M L,26
Richard Ledezma,AM C,18
Rico Zeegers,D LC,19
Ritsu Dôan,AM RLC,21
Robbin Ruiter,GK,32
Robin Lauwers,AM C,20
Robin Schoonbrood,DM* AM C,20
Ryan Thomas,DM* AM RLC,24
Sam Lammers,AM/F C,22
Sékou Sidibé,AM R* ST,18
Shurandy Sambo,D RC,17
Simon van Duivenbooden,ST,17
Steven Theunissen,D LC,20
Thomas Cox,D/WB R,17
Tijn Daverveld,D RC,19
Timo Baumgartl,D C,23
Tyrick Bodak,GK,17
Yanick van Osch,GK,22
Yorbe Vertessen,ST,18
Youri Roulaux,GK,20
Anas Tahiri,AM RLC,24
Bram van de Wiel,AM C,19
Clint Leemans,DM* AM C,23
Corneille Kasongo,M C,17
Daan Rienstra,DM* M RC,26
Darren Maatsen,AM RL,28
David Panka,ST,19
Dylan Vente,AM/F C,20
Emil Hansson,AM LC,21
Etienne Vaessen,GK,23
Fabian Sporkslede,D RC* DM,25
Hannes Delcroix,D LC,20
Hans Mulder,DM* M RLC,32
Henrico Drost,D RC,32
Ingo van Weert,D LC,25
Jari Koenraat,AM R,23
Jarno Abbel,D L,20
Juriën Gaari,D R,25
Kees Heemskerk,GK,28
Koen van Harmelen,GK,18
Lars Nieuwpoort,D/WB/M L,24
Lennerd Daneels,AM LC,21
Luuk Wouters,D C,20
Mario Bilate,AM LC* F C,27
Melle Meulensteen,D C* DM,19
Mike Grim,GK,23
Morad El Haddouti,AM RL,21
Nando Nöstlinger,AM C,21
Nigel Langras,D C,18
Paul Quasten,D/WB L,34
Richard van der Venne,AM RLC* F C,27
Said Bakari,AM RLC,24
Sebbe Augustijns,DM,19
Sel Bastmeijer,ST,18
Stanley Elbers,AM RL* ST,27
Stefan Velkov,D C,22
Stijn van der Put,M C,18
Sylla Sow,AM RLC* F C,22
Teun van Grunsven,D LC,19
Tijjani Reijnders,AM LC,20
Victor Timmers,GK,19
Alen Halilovic,AM RC,23
Arjen van der Heide,AM RL,17
Bo de Bruijn,D RC,19
Caleb Asante,D C,16
Chidera Ejuke,AM RLC,21
Chima Anyasi,D C* DM,17
Couhaib Driouech,AM RL,17
Cris van der Zee,AM R,17
Daniel Høegh,D C,28
Delano Esseboom,D C,16
Demo Koida,D LC,17
Djenahro Nunumete,M C,17
Doan Van Hau,D LC,20
Donát Varga,ST,15
Eddo Nyamsangya,AM R* ST,18
Elton Kusi,D RC,19
Filip Bednarek,GK,26
Guus Offerhaus,D C,18
Hamdi Akujobi,DM* M LC,19
Hicham Faik,DM,27
Ibrahim Dresevic,D C,22
Jaimy Kroesen,GK,16
Jan Ras,M C,20
Jens Klaverboer,ST,16
Jens Odgaard,ST,20
Joey Veerman,DM,20
Jordy Bruijn,DM* AM LC,22
Jorginho Soares,D C,19
Joshua Adney,D/WB R,18
Kay Dollenkamp,D/WB L,17
Kris van Rijn,GK,16
Lucas Woudenberg,D/WB L,25
Luka Kocjancic,D C,19
Maksymilian Dziegiel,AM C,16
Marcello Beuker,D/WB L,19
Mark Westra,M C,19
Marvellous Adedeji,D RC,17
Melle Joop Witteveen,M C,16
Mitchell van Bergen,AM R,19
Nordin Tahboun,AM C,18
Orri Hrafn Kjartansson,DM* AM C,17
Progon Maloku,AM RL* ST,19
Rami Hajal,M C,17
Rein Smit,ST,18
Ricardo van Rhijn,D RC,28
Rinor Zejnullahu,AM R* ST,16
Roan van der Plaat,M C,16
Rodney Kongolo,DM,21
Runar Espejord,AM/F C,23
Saverio Zondag,GK,19
Sherel Floranus,D/WB RL,20
Sijtse Nijboer,D RC,17
Stefan Westra,M C,18
Sven Botman,D LC,19
Teun Wilke Braams,AM/F C,17
Thijs Drenth,GK,18
Ties de Boer,D C,16
Tom van Leeuwen,M C,17
Trevor Doornbusch,GK,19
Warner Hahn,GK,27
Willard Timmerman,M C,16
Yairo Hoffman,M C,17
Abdou Harroui,DM,21
Adil Auassar,DM* M LC,32
Aiman Achemlal,D/WB/AM R,16
Argino Bokshoven,M C,18
Ariel Harush,GK,31
Augustin Drakpe,D C,17
Ayoub Boukhari,AM C,22
Azzedine Annamousi,D C* DM,16
Bart Vriends,D C,28
Boyd Reith,D/WB/M R,20
Brad van Hoeven,AM L,19
Bradley Martis,D/WB L,20
Bryan Smeets,AM RC,26
Camilo Paez Arias,GK,16
Constantijn Schop,M C,16
Daan van Unen,D C,19
Dante Rigo,DM* AM C,20
Darlin van der Werff,ST,19
Darnell Hall,D/WB/AM R,17
Darwin Heuvelman,D LC,18
Delano Vianello,D C,16
Deroy Duarte,AM C,19
Dirk Abels,D RLC,22
Donny Reding,ST,17
Dylan van Wageningen,M C,16
Elgero King,D LC,18
Emanuel Emegha,ST,16
Farouq Limouri,D C,16
Firas Romdhane,AM RL* ST,16
Gianni dos Santos,ST,20
Ismaël François,GK,17
Jafar Bynoe,M C,15
James Dunning,AM RLC,17
Jason Meerstadt,M C,17
Jay den Haan,D/WB RL,18
Jeffry Fortes,D/WB R* DM* M R,30
Jeremy Udenhout,DM,16
Joël Piroe,ST,19
Jomar Gomes,GK,19
Joshua Emegha,D C,16
Joshua Sanches,DM,20
Julliani Eersteling,D/WB R,17
Jurgen Mattheij,D C,26
Karim Loukili,AM LC,22
Kaylan Muis,M C,17
Kenny Lipman,GK,20
Kevin Ringeling,D RLC,21
Khalid Karami,D/WB RL,29
Koen Buize,GK,16
Laros Duarte,DM,22
Lassana Faye,D/WB L,21
Leon-Cardi Wong-Si-Kwie,D LC,18
Levi Bouwense,D C* DM,19
Lorenzo Soares Fonseca,D C,21
Marcus Scholten,AM C,17
Michael Fabrie,GK,21
Michael Pinto,D/WB L,26
Mike Frimpong,ST,16
Mohamed Rayhi,AM RLC,25
Mohammed Tahiri,ST,18
Nino Roffelsen,DM,21
Noah van Geenen,D RC,20
Ouail el Merabet,M C,20
Patrick Brouwer,DM,18
Patrick Joosten,AM RL* ST,23
Pepijn Doesburg,ST,18
Peter Tromp,AM RL* ST,16
Quincy Hoeve,ST,16
Ragnar Ache,ST,20
Rijk Janse,GK,17
Roland Okpu,GK,16
Samu Siemens-Braga,M C,18
Sergio Tremour,AM RL* ST,17
Shairon de Wind,AM R,16
Suently Alberto,D RLC,23
Sven Mijnans,M C,19
Tariq Dilrosun,D C,17
Teun van der Donk,D R,18
Tim Coremans,GK,28
Turan Tuzlacik,AM C,18
Ugur Altintas,AM C,20
Vincent Schippers,D/WB R,18
Yanilio de Nooijer,D C,16
Youssef El Kachati,AM R* ST,19
Aaron Sieders,D/WB L,17
Aness Serghini,AM RL,16
Armando Obispo,D C* DM,20
Bilal Bayazit,GK,20
Bryan Linssen,AM RL,28
Charly Musonda,AM RLC,22
Daan Huisman,AM C,16
Danilho Doekhi,D RC* DM,21
Danny Mühl,D/WB L,20
Eelco Mostert,D R,17
Eli Dasa,D/WB R* DM,26
Enrico Hernández,AM RLC* F C,18
Eray Sürül,AM R,16
Espen van Ee,DM,15
Filip Møller Delaveris,AM L* ST,18
Georgy Theuns,D LC,18
Hilary Gong,AM RL* ST,20
Ian Beelen,DM,17
Jasper Dahlhaus,AM R,17
Jay-Roy Grot,AM RL* ST,21
Jayden Houtriet,DM,17
Job Froeling,GK,17
Joël Thodé,D RC,17
Joey Kesting,GK,18
Jomairo Kogeldans,D L,17
Jorn Smits,DM,16
Joshua Brenet,D/WB RL,25
Julian Lelieveld,D RC,21
Jurmain Blanchard,AM RL* ST,17
Kelvin Bui,D R,17
Kevin Gadellaa,GK,16
Kostas Lamprou,GK,27
Lars ten Teije,AM RL* ST,21
Luuk Wensink,D C,15
Maikel Epskamp,WB R,17
Marcus Steffen,D C,16
Matus Bero,AM RC,23
Max Clark,D/WB L* DM* M LC,23
Milan Beumer,AM R,16
Million Manhoef,M C,17
Nigel van Haveren,GK,15
Nikolas Agrafiotis,ST,19
Nouha Dicko,ST,27
Nouri Cheung,AM C,17
Omid Musawi,ST,18
Oussama Tannane,AM R* ST,25
Özgür Aktas,D LC,22
Patrick Vroegh,D L* DM,19
Paul Fosu-Mensah,D RC,18
Remko Pasveer,GK,35
Richie Musaba,AM C,18
Riechedly Bazoer,DM,22
Rik van 't Woud,ST,16
Roy Beerens,AM RL,31
Roy Kuijpers,ST,19
Ruben van Kouwen,GK,18
Sondre Tronstad,DM* M RC,23
Thomas Buitink,AM RL* ST,19
Tim Matavz,ST,30
Tomas Hajek,D C,27
Yassin Oukili,M C,18
Younes Zakir,D C,20
Aaron Bastiaans,AM LC,17
Adam Mami,AM RC,17
Bram Verbong,GK,19
Christian Kum,D RLC,33
Coby Sultan,M C,18
Danny Post,DM,30
Delano van Crooy,GK,28
Ertan Hajdaraj,DM,16
Evert Linthorst,DM* M RC,19
Fin Pleunis,D RC,17
Haji Wright,AM L* ST,21
Hannes Jähn,D R,17
Ian Ngobi,M C,17
Javier Valerio,AM RL,16
Jens Craenmehr,GK,17
Jens Jacobs,D/WB R,16
Jerome Sinclair,AM L* ST,22
Jesse Probst,DM,18
Jessy Hendrikx,D C* DM,17
Joël Roeffen,D RL,17
Joep Munsters,D C* DM,17
John Yeboah,AM RL,19
Johnatan Opoku,AM/F C,29
Jonas Theuerzeit,M C,16
Joost Peeters,D RC,18
Jur Clabbers,AM RL,17
Jur Verstegen,GK,16
Justin Coenen,D/WB/AM L,17
Lars Nabbe,M C,17
Lee Cattermole,DM,31
Lennart Mehler,AM RC,17
Levi Titulaer,AM RC,16
Levy Bosch,GK,18
Marko Antunic,GK,19
Martijn Samson,D C* DM,19
Maxim van Peer,ST,16
Mees Meeuwissen,M C,16
Milan Lippinkhof,D C,16
Niek Munsters,AM C,17
Niels Blaszczyk,D R,17
Nils Röseler,D C,27
Oussama Darfalou,ST,25
Paul Wienhoven,M RC,19
Peter van Ooijen,DM* AM RC,27
Quint Janssen,GK,16
Richard Neudecker,DM,22
Roel Janssen,D LC* DM,29
Roy Gelmi,D C* DM,24
Simon Janssen,D L* DM,18
Sotirios Kokkinis,AM RLC,18
Stan Henderikx,AM LC,15
Stan van Dijck,D C,18
Steffen Schäfer,D RC,25
Stijn Huntjens,GK,16
Thijme Verheijen,ST,16
Thomas Bruns,AM C,27
Thorsten Kirschbaum,GK,32
Tjerk Meijs,M C,16
Tobias Pachonik,D/WB/AM R,24
Tristan Dekker,D/WB R,21
Yahcuroo Roemer,AM RL,17
Amoros Nshimirimana,ST,17
Axel Theuns,M C,17
Bart Nieuwkoop,D/WB R,23
Che Nunnely,AM RL,20
Christos Voutsas,D C* DM,17
Connor van den Berg,GK,18
Daan Legro,D C,17
Daan Struckman,M C,18
Damil Dankerlui,D/WB RL* AM R,22
Dries Saddiki,DM,22
Dylan Ryan,D LC,19
Elton Kabangu,AM L* ST,21
Felida Di Livio,M C,17
Fernando Lewis,D/WB R,26
Freek Heerkens,D RLC* DM,29
Giorgos Strezos,GK,23
Görkem Saglam,AM LC,21
Hafid Jahaoui,AM R,16
James McGarry,D/WB/AM L,21
Jelle Furrer,D C,18
Jelte Pal,ST,16
João Queirós,D C,21
Jonathan van der Pol,AM RL,17
Jordens Peters,D C,32
Keina Yamaguchi,AM C,18
Lars Dickens,D C,19
Maikel Jansen,D C,18
Marios Vrousai,AM RLC,20
Mark van der Heijden,GK,16
Martijn van de Sande,M C,16
Mats Köhlert,AM RL,21
Michael Woud,GK,20
Mike Ndayishimiye,AM RLC,20
Miquel Nelom,D/WB L,28
Niels van Berkel,D/WB/M L,17
Paul Gladon,ST,27
Pol Llonch,DM,26
Rick Zuijderwijk,AM C,18
Sam Spijkers,D/WB R,17
Sander Emmen,M C,18
Sebastian Holmén,D C,27
Sjeffie Verhagen,D R,16
Teun Jongbloets,D C,18
Timo Regouin,ST,17
Timon Wellenreuther,GK,23
Tristen Paauwe,ST,16
Vangelis Pavlidis,AM L* ST,20
Wesley Spieringhs,M C,17
