Adrien Tameze,DM,25
Aimone Calì,AM R* ST,22
Alassane Sidibé,ST,17
Alejandro Gómez,AM LC* F C,31
Alessandro Cortinovis,AM LC,18
Alessandro Falleni,ST,16
Alessandro Roma,M RC,17
Alessio Rosa,ST,16
Amad Traoré,AM RL* ST,16
Amer Mehic,M C,16
Andrea Ceresoli,D LC,16
Andrea Mallamo,DM* M RC,16
Andrea Olivieri,AM C,16
Andrea Testa,D L,16
Andrea Viviani,DM,17
Angelo Pisoni,GK,17
Antonio Reda,ST,16
Berat Djimsiti,D RLC,26
Bosko Sutalo,D RLC,19
Caleb Okoli,D C,17
Christophe Renault,D L,17
David Heidenreich,D C,19
Davide Ghislandi,AM RL,18
Dino Mehic,M C,16
Duván Zapata,ST,28
Ebrima Colley,AM LC* F C,19
Edoardo Scanagatta,D RC,17
Emanuele Marcaletti,D C,17
Emmanuel Gyabuaa,DM,17
Federico Bergonzi,D/WB R,18
Federico Gennari,M RC,17
Federico Moraschi,D C,15
Federico Pagani,ST,16
Federico Polloni,ST,16
Federico Zuccon,D C* AM C,16
Filippo Grassi,D L,16
Francesco Rossi,GK,28
Gabriele Berto,DM,16
Giorgio Brogni,D/WB L,18
Giorgio Cittadini,D RC,17
Giorgio Scalvini,D C,16
Giovanni Bonfanti,D L,16
Giuseppe Carrà,ST,17
Guillaume Renault,D/WB R,17
Hans Hateboer,D/WB/M R,25
Ibrahima Faye,AM/F C,17
Jacopo Da Riva,AM LC,18
Jacopo Sassi,GK,15
Jonathan Ngock Italeng,ST,17
José Luis Palomino,D C,29
Josip Ilicic,AM RC* F C,31
Khadim Ndiaye,GK,19
Kristian Dervishi,ST,16
Lennart Czyborra,D/WB L,20
Leonardo Manfredi,AM RL* ST,16
Liam Perego,M C,16
Lorenzo Nozza Bielli,GK,17
Ludovico Gelmi,GK,18
Luis Muriel,ST,28
Lukas Vorlicky,AM C,17
Marco Dalessandro,M RC,17
Marco Sportiello,GK,27
Mario Pasalic,AM C,24
Marten de Roon,DM,28
Matevz Dajcar,D C,17
Matteo Ruggeri,D C,16
Mattia Caldara,D C,25
Matus Repa,M C,16
Niccolò Ghisleni,AM RL,18
Nicolò Cambiaghi,AM L,18
Nicolò Milani,D/WB R,18
Olaf Kobacki,AM RL* ST,17
Ousmane Diaby,D R,16
Paolo Vismara,GK,16
Pierluigi Gollini,GK,24
Rafael Tolói,D C,28
Raoul Bellanova,D/WB/M R,19
Remo Freuler,DM,27
Roberto Piccoli,ST,18
Robin Gosens,D/WB/M L,24
Rodrigo Guth,D C,18
Ruslan Malinovskyi,DM* AM C,26
Salvatore Bencivenga,D C,19
Samuel Giovane,DM,16
Samuele Signori,ST,18
Sebastiano Finardi,DM,18
Sheb Derbali,D/WB L,17
Simone Lozza,ST,16
Simone Panada,D C* DM,17
Timothy Castagne,D/WB/M RL,23
Tommaso De Nipoti,ST,15
Willy Ta Bi,DM* ST,19
Yannick Beugré,AM RC,17
Alessandro Marconi,GK,17
Alessandro Pietrelli,D C,16
Alessandro Ruggiu,GK,16
Alessio Bovo,AM C,16
Alex Arnofoli,D R,16
Alex Cossalter,AM LC,19
Andrea Paganelli,GK,15
Andrea Poli,M C,29
Andreas Skov Olsen,AM R,19
Andri Fannar Baldursson,M C,17
Ângelo da Costa,GK,35
Antony Gabriel Petre,GK,16
Ari Sigurpálsson,AM C,16
Danilo,D C,35
Denis Portanova,D C,18
Dion Ruffo Luci,AM RLC,17
Elia Visconti,WB/AM L,19
Elio Zalli,D C,16
Elmando Gjini,DM,16
Emanuele Acampora,D C,17
Federico Bonini,D LC,17
Federico Santander,ST,28
Filippo Carrettucci,D C,16
Filippo Ercolani,ST,16
Filippo Marenco,DM,16
Filippo Matteo Mancuso Catarinella,AM/F C,18
Flavio Di Dio,AM RL,17
Francesco Busi,D C,19
Gabriele Boloca,D C,18
Gabriele Corbo,D C,19
Gary Medel,D C* DM,31
Giacomo Savino,D C,15
Gianmarco Cangiano,AM RL,17
Giorgio Grieco,DM,17
Giuseppe Agyemang,D C,17
Ibrahima Mbaye,D/WB/M RL,24
Ilias Koutsoupias,DM,18
Jacopo Migani,M C,15
James Uhunamure,AM L* ST,19
Jerdy Schouten,DM,22
Kasper Paananen,ST,16
Kristo Shehu,AM/F C,19
Ladislav Krejci,D/WB/AM L,26
Leonardo Boriani,M C,17
Leonardo Mazza,DM,18
Leonardo Stanzani,AM/F C,19
Lirim Kastrati,D RC,20
Lorenzo Mantovani,D C,16
Luca Cavina,D C,16
Lukasz Skorupski,GK,28
Marco Molla,GK,17
Mattia Bani,D C,25
Mattia Pagliuca,AM/F C,17
Mattias Rocchi,AM L* ST,17
Mattias Svanberg,AM C,20
Mitchell Dijks,D/WB/M L,26
Mouhamadou Sarr,GK,22
Musa Barrow,ST,20
Musa Juwara,AM RL* ST,17
Niccolò Rubbi,D C,16
Nicola Farinelli,AM RLC,18
Nicola Sansone,AM RL* ST,27
Nicolás Domínguez,DM,21
Nicolò Bianchino,D/WB L,16
Nicolò Cinelli,GK,15
Nikolaj Möller,AM/F C,16
Omar Khailoti,D C,17
Riccardo Lunghi,D/WB R,19
Riccardo Martimbianco,D C,17
Riccardo Orsolini,AM R,22
Riccardo Pietrelli,M C,16
Roberto Saputo,D C,18
Roberto Soriano,AM C,28
Rodrigo Palacio,AM RLC* F C,37
Sebastian Breza,GK,21
Simone Benincasa,ST,18
Simone Rabbi,AM RL* ST,17
Stefano Denswil,D LC,25
Takehiro Tomiyasu,D RC,20
Thomas Cossalter,AM C,16
Thomas Fantoni,GK,18
Zsombor Bakos,ST,16
Alberto Barazzetta,AM RLC,17
Ales Mateju,D/WB RL,23
Alessandro Semprini,D RC,21
Alessio Castellini,D C,16
Alfredo Donnarumma,ST,28
Andrea Butturini,M C,16
Andrea Cistana,D C,22
Andrea Ghezzi,AM C,18
Andrea Lussignoli,M RLC,17
Andrea Papetti,D C,16
Angelo Cazzago,D/WB R,19
Birkir Bjarnason,AM LC,31
Bruno Martella,D/WB L,26
Christian Bianchetti,ST,16
Cristian Airoldi,D C,16
Daniele Colosio,AM/F C,19
Daniele Del Barba,ST,16
Daniele Dessena,DM,32
Daniele Gastaldello,D C,36
Davide Reboldi,D/WB R,17
Diego Abbrandini,GK,17
Diego Danesi,D/WB L,16
Dimitri Bisoli,DM,25
Elia Pojani,D/WB/M R,18
Emanuele Ndoj,DM,22
Enrico Alfonso,GK,31
Erik Lora,ST,16
Ernesto Torregrossa,ST,27
Federico Trezza,ST,16
Filippo Cristini,M C,15
Florian Ayé,ST,22
Francesco Ruocco,AM LC* F C,18
Giacomo Piccaluga,M C,16
Giulio Magri,D LC,17
Jaromir Zmrhal,AM LC,25
Jesse Joronen,GK,26
Jhon Chancellor,D C,27
Lorenzo Andrenacci,GK,24
Lorenzo Marazzi,M C,18
Lorenzo Treccani,M RLC,19
Luca Bacchin,ST,16
Luca Bertoni,DM,16
Luca Forlani,ST,16
Luca Nolaschi,D C,18
Luca Rossetti,M C,17
Mario Balotelli,ST,28
Massimiliano Mangraviti,D C,21
Matteo Gandini,GK,15
Matteo Lombardi,M C,17
Matteo Rassegna,AM RL,17
Mattia Bui,D RC,17
Mattia Capoferri,D/WB L,18
Mattia Viviani,DM,18
Nicola Torchio,DM,19
Nikolas Spalek,AM C,22
Paolo Prandini,GK,16
Raul Torregrossa,ST,19
Riccardo Canciani,AM/F C,17
Rômulo,D/WB R* AM RC,32
Sandro Tonali,DM,19
Simon Skrabb,WB L* AM RLC* F C,24
Simone Raccagni,ST,16
Stefano Caruso,M C,16
Stefano Filigheddu,GK,17
Stefano Sabelli,D/WB R,26
Thomas Boafo,D/WB/M L,16
Tommaso Rozzini,D C,16
Umberto Rovelli,GK,16
Abel Kanyamuna,DM,17
Alberto Paloschi,ST,29
Alessandro Lombardi,AM C,19
Alessandro Mazzei,M C,16
Alessio Cragno,GK,25
Aly Nader,D C,19
Andrea Carboni,D LC,18
Andrea D'Aniello,GK,16
Andrea Leonardo Manca,M C,16
Artur Ionita,DM* AM C,28
Bruno Conti,AM C,17
Charalabos Lykogiannis,D/WB/M L,25
Christian Acella,M C,17
Christian Oliva,DM,23
Daniel Pischedda,M C,15
Daniele Ragatzu,AM LC* F C,27
Davide Piga,GK,16
Diego Loru,ST,16
Domenico Fucci,GK,17
Eugenio Fusco,GK,16
Fabio Pisacane,D RLC,33
Fabio Porru,D/WB R,19
Fabrizio Cacciatore,D/WB RL,32
Federico Bellu,D C,16
Federico Marigosu,AM LC,18
Federico Mattiello,D/WB/M RL,23
Federico Pedoni,ST,16
Filippo Stevanato,GK,15
Francesco Paolo Cusumano,D C,18
Francesco Zallu,M C,16
Gabriele Dore,M C,18
Gastón Pereiro,AM RLC,24
Giammarco Schirru,M C,16
Gianluca Contini,ST,18
Gioele Deiana,DM,16
Giovanni Simeone,ST,23
Giuseppe Ciocci,GK,17
Iurie Iovu,D C,16
Ivan Michelotti,D LC* M L,18
Jacopo Desogus,ST,16
João Pedro,AM/F C,27
Kener Valencia,AM RL,17
Leonardo Pavoletti,ST,30
Lorenzo Loru,M C,16
Luca Ceppitelli,D C,29
Luca Cigarini,DM,33
Luca Gagliano,ST,18
Luca Pellegrini,D/WB/M L,20
Luca Sabino,ST,16
Luigi Palomba,D C,16
Maciej Mas,ST,18
Marco Carabillò,D C,16
Marko Rog,AM C,23
Matteo Cannas,D LC,16
Matteo Cao,M C,16
Matteo Cossu,M C,18
Mattia Mura,D C,16
Michele Angiargia,D C,16
Michele Zinfollino,D C* DM,18
Mirko Atzeni,GK,17
Nahitan Nández,WB R* M RC,23
Niccolò Agostinelli,ST,18
Nicolò Cavuoti,ST,16
Omar Loi,ST,16
Paolo Faragò,D/WB R* M RC,26
Radja Nainggolan,AM C,31
Rafael,GK,37
Ragnar Klavan,D C,33
Riccardo Ladinetti,DM,18
Roberto Piroddi,ST,15
Robin Olsen,GK,29
Salvatore Boccia,D C,18
Sebastian Walukiewicz,D C* DM,19
Sergio Sulis,ST,16
Valter Birsa,AM RLC,32
Walid Retibi,ST,17
Aleksa Terzic,D/WB/M L,19
Alessandro Bertini,M LC,17
Alessandro Bianco,M C,17
Alessandro Lovisa,DM,17
Alfred Duncan,DM,26
Andrea Milani,AM/F C,17
Andrea Prrocka,DM,16
Andrei David,ST,16
Bartlomiej Dragowski,GK,21
Bobby Duncan,ST,18
Christian Dalle Mura,D C,17
Christian Koffi,AM RL,18
Christian Kouamé,AM RL* ST,21
Cyril Théréau,AM LC* F C,36
Dalbert,D/WB/M L,25
Daniele Ghilardi,D C,16
Daniele Magliocca,M C,16
Davide Dainelli,GK,15
Dimo Krastev,DM,16
Duan Vlahovic,ST,19
Edoardo Pierozzi,D/WB R,17
Eduard Dutu,D C,18
Elia Masini,ST,16
Emilio Marinaro,GK,17
Erick Pulgar,DM,25
Ettore Quirini,D C,15
Fabio Ponsi,D/WB/M RL,18
Federico Brancolini,GK,17
Federico Ceccherini,D C,27
Federico Chiesa,AM RL* ST,21
Federico Simonti,D/WB L,19
Filippo Di Stefano,ST,15
Filippo Frison,D C,16
Francesco Ancora,ST,16
Franck Ribéry,AM LC* F C,36
Gabriele Fogli,GK,16
Gaetano Castrovilli,AM C,22
Germán Pezzella,D C,28
Gian Marco Neri,M RLC,16
Giovanni Corradini,AM C,16
Giuseppe Imparato,ST,16
Guglielmo Mignani,ST,16
Igor,D LC,21
Isacco Barducci,M C,16
Jacopo Lofoco,D C,16
Jacopo Ricco,GK,16
Jonathan Spedalieri,D C,17
Kevin Agudelo,AM LC,20
Leonardo Mariani,D L,17
Leonardo Taddei,D C,16
Lorenzo Aliboni,M C,16
Lorenzo Chiti,M C,18
Lorenzo Pantani,AM R,17
Lorenzo Petronelli,ST,16
Lorenzo Venuti,D RLC,24
Luca Innocenti,M C,16
Lucio Gaeta,AM L* ST,17
Malik Djibril,DM,15
Marco Benassi,M C,24
Mark Gorgos,M C,19
Marko Hanuljak,AM C,19
Martín Cáceres,D RLC,32
Massimo Silvestri,DM,17
Matteo Christopher Carbone,M C,16
Matteo Giorgi,D C,16
Mattia Fiorini,DM,18
Mattia Santi,D C,16
Milan Badelj,DM,30
Niccolò Carcani,GK,17
Niccolò Chiorra,GK,18
Niccolò Dodaro,D C,16
Niccolò Pierozzi,WB/AM L,17
Nicky Medja,AM RLC,19
Nikola Milenkovic,D RC,21
Nino Kukovec,ST,18
Patrick Cutrone,ST,21
Pietro Terracciano,GK,29
Pol Lirola,D/WB/M R,21
Rachid Ghezzal,AM RLC,27
Riccardo Sottil,AM RL,20
Romaric Guedegbe,D/WB/M L,16
Samuele Sacchini,M C,17
Samuele Spalluto,ST,18
Tommaso Del Rosso,DM,16
Tommaso Luci,GK,16
Tommaso Marino,D RL,16
Tommaso Masi,D C,17
Toni Fruk,DM,18
Vincenzo Furina,ST,17
Vitor Hugo,M C,16
Vittorio Alberto Agostinelli,AM/F C,17
Abdoulaye Diakhaté,DM,17
Adam Bamba,ST,16
Adama Soumaoro,D C* DM,27
Albi Hanxhari,DM,15
Alessio Erroi,M C,16
Alessio Izzo,D L,17
Andrea Cambiaso,WB R* M RC,19
Andrea Favilli,ST,22
Andrea Masiello,D C,33
Andrea Nesci,D C,16
Andrea Pinamonti,ST,20
Antonio Barreca,D/WB/M L,24
Antonio Sanabria,ST,23
Bilel Sahli,M C,16
Bryan Boci,D C,15
Cristian Romero,D C,21
Cristián Zapata,D C,32
Daniel Fossati,ST,15
Daniele Bolcano,D C,16
Davide Biraschi,D RC,24
Davide Fabrizio Incerti,DM,17
Davide Fanchini,D RC,16
Davide Ghigliotti,D L,16
Denilho Cleonise,AM RLC,17
Dimitrije Antic,ST,16
Domenico Criscito,D LC,32
Edoardo Cesare Cristiani,D C,16
Edoardo Goldaniga,D C,25
Fabiano Ascioti,M L,17
Federico Marchetti,GK,36
Federico Paoloni,D C,16
Filip Jagiello,DM* AM C,21
Flavio Junior Bianchi,ST,19
Francesco Broso,M C,16
Francesco Cassata,DM* M LC,21
Francesco Davide Rancati,ST,17
Giacomo Cavalli,D/M R,16
Giacomo Drago,GK,18
Giacomo Gasco,D/WB R,18
Giacomo Piu,ST,16
Gianuca Parodi,D C,15
Giordano Conti,ST,16
Giuseppe Agostino,GK,17
Goran Pandev,AM RC* F C,35
Hossein Zamani,AM RLC,16
Iago Falqué,AM RLC* F C,29
Ivan Radovanovic,DM,30
Jacopo Colombo,ST,17
Jacopo Corci,GK,16
Jacopo Turchet,M C,16
Kacper Zielski,M C,16
Krisildi Mata,M C,15
Lasse Schöne,DM* AM RC,33
Laurens Serpe,D LC,18
Leonardo Raggio,D C,17
Leonardo Zanetti,D C,16
Lorenzo Gandolfo,D C,16
Lorenzo Rittore,D C,18
Luca Dellepiane,D R,16
Luca Moro,ST,18
Luis Mukaj,D C,16
Lukas König,AM RL,16
Lukas Lerager,DM* AM C,25
Marco Chiricallo,D C,17
Marko Pajac,D/WB/AM L,26
Martino Traverso,D L,15
Matteo Piccardo,D C,19
Matteo Piccardo,D C* DM,18
Mattia Destro,ST,28
Mattia Mora,M C,17
Mattia Perin,GK,26
Mattia Zennaro,M RLC,18
Michele Besaggio,M C,17
Nicholas Rizzo,D C,19
Nicola Della Pina,GK,16
Nicolò Rovella,DM,17
Oliver Verona Grönberg,M C,18
Paolo Ghiglione,D/WB/M R,22
Patrizio Masini,M C,18
Peter Ankersen,D/WB RL* M R,28
Riccardo Galletti,GK,16
Roberto Maglione,AM R,17
Rok Vodisek,GK,20
Ruben Zanoli,M C,17
Salvador Ichazo,GK,27
Salvatore Kevin Buonavoglia,ST,17
Samuele Pascali,D C,17
Samuele Piccardo,ST,16
Samuele Ruggeri,D LC,18
Sebastian Eriksson,DM,30
Simone Allarmati,GK,16
Simone Lipani,D C,16
Simone Porotto,D C,17
Steeve Eboa,WB/M L,17
Stefan Dimitrijevic,M C,15
Stefano Agostini,D L,17
Stefano Sturaro,DM,26
Théo Cenci,D/WB R* AM RC,17
Thomas Montaldo,GK,18
Tiago Gonçalves,D/AM L,18
Tomasz Wozniak,GK,17
Tommaso Bacherotti,ST,16
Tommaso Castiglione,M R,15
Valon Behrami,DM,34
Vasco da Cunha,D LC,19
Yayah Kallon,AM RL,18
Alberto Panzani,ST,16
Alessandro Bastoni,D C,20
Alessandro Fontanarosa,D C,16
Alessandro Politi,ST,16
Alessandro Silvestro,D R,16
Alexis Sánchez,AM RLC* F C,30
Andi Hoti,D C* DM,16
Andrea Benedetti,D/WB/AM R,16
Andrea Cappadonna,ST,16
Andrea Magri,GK,16
Andrea Moretti,D C,17
Andrea Pozzi,D L,15
Andrea Ranocchia,D C,31
Antonio Candreva,WB/AM R,32
Antonio Sattin,ST,17
Ashley Young,D/WB RL,33
Borja Valero,AM C,34
Cesare Casadei,DM* AM C,16
Christian Dimarco,D L,16
Christian Eriksen,AM LC,27
Christopher Attys,DM,18
Cristiano Biraghi,D/WB/M L,26
Daniel Tonoli,M L,16
Daniele Padelli,GK,33
Danilo D'Ambrosio,D RLC* M RL,30
David Wieser,DM,17
Davide Lonati,D C,16
Degnand Wilfried Gnonto,AM/F C,16
Diego Godín,D C,33
Edoardo Sottini,D C,16
Edoardo Vergani,ST,18
Eduardo Alcides Dias,D RC* DM,16
Elia Marcello Pezzini,ST,16
Elia Priori,GK,16
Elvis Lindkvist,M C,17
Emerson Espinoza,DM,18
Etienne Youte Kinkoue,D C* DM,17
Fabio Cortinovis,D C,17
Filip Stankovic,GK,17
Filippo De Milato,M C,16
Franco Ezequiel Carboni,AM L* ST,16
Franco Vezzoni,M C,17
Gabriele Pezzotta,M C,16
Gaetano Pio Oristanio,AM C,16
Giacomo Pozzer,GK,18
Giovanni Fabbian,DM* AM C,16
Jacopo Gianelli,AM RC,18
Kwadwo Asamoah,D/WB L* M LC,30
Lado Akhalaia,ST,17
Lautaro Martínez,ST,21
Lorenzo Colombini,D/WB L,18
Lorenzo Moretti,D RC,17
Lorenzo Perucchetti,D C,16
Lorenzo Peschetola,AM RLC* F C,16
Lorenzo Pirola,D C,17
Luca Magazzù,AM/F C,16
Lucien Agoume,DM* AM C,17
Marcelo Brozovic,DM* AM C,26
Marco Monti,D R,16
Martín Satriano,ST,18
Matias Fonseca,AM LC* F C,18
Matías Vecino,DM,27
Mattia Ballabio,M C,16
Mattia Mirarchi,AM C,16
Mattia Sangalli,DM,17
Mattia Tordini,ST,17
Mattia Zanotti,D L,16
Michael Ntube,D C,18
Milan Skriniar,D C,24
Mirco Tosi,D/WB L,17
Niccolò Squizzato,DM,17
Nicholas Bonfanti,AM RLC* F C,17
Nicola Milani,GK,17
Nicolas Gerardi,GK,16
Nicolò Barella,M C,22
Nicolò Gualtieri,D R,17
Nicolò Radaelli,AM R,16
Nicolò Verzeni,D/WB R* M RC,17
Paolo Chierichetti,D C,16
Pasquale Carlino,AM C,17
Ramen Cepele,D C,16
Riccardo Boscolo Chio,DM,16
Riccardo Burgio,D/WB L* AM LC,18
Roberto Gagliardini,DM,25
Romelu Lukaku,ST,26
Rosario Cancello,ST,17
Samir Handanovic,GK,34
Samuele Mulattieri,AM RC* F C,18
Samuele Uccellini,D LC,16
Sebastiano Esposito,ST,16
Simone Oppizzi,M C,16
Simone Tononi,GK,17
Stefan de Vrij,D C,27
Stefano Cester,AM RC,17
Stefano Sensi,DM,23
Thomas Branzini,AM C,16
Thomas Schirò,DM,19
Tibo Persyn,D/WB/AM R,17
Tommaso Berni,GK,36
Victor Moses,AM RL,28
William Rovida,GK,16
Aaron Ramsey,AM RC,28
Adrien Rabiot,M C,24
Alessandro Pio Riccio,D C,17
Alex Sandro,D/WB/M L,28
Andrea Bonetti,AM L* ST,15
Andrea Ferraris,AM RC,16
Angel Josue Chibozo,AM L* ST,16
Blaise Matuidi,DM* M LC,32
Carlo Pinsoglio,GK,29
Cosimo Marco Da Graca,ST,17
Cristiano Ronaldo,AM RL* ST,34
Daniel Leo,D R,17
Daniele Rugani,D C,24
Danilo,D/WB RL,27
Douglas Costa,AM RLC,28
Edoardo Gagliardi,GK,15
Elia Petrelli,ST,17
Enzo Barrenechea,AM C,18
Ervin Omic,AM/F C,16
Fabio Miretti,DM,15
Federico Bernardeschi,AM RLC,25
Filippo Dadone,GK,17
Francesco Lamanna,D/WB R,17
Franco Tongya,AM LC,17
Gabriele Mulazzi,D/WB/M R,16
Giandomenico Basso Palmiero,GK,15
Gianluigi Buffon,GK,41
Giorgio Chiellini,D C,34
Giovanni Gabriele Garofani,GK,16
Giovanni Giorgi,AM L* ST,16
Giuseppe Leone,DM,18
Giuseppe Verduci,D LC,17
Gonzalo Higuaín,ST,31
Jean-Claude Ntenda,D/WB L,16
Joël Ribeiro,AM LC,16
Juan Cuadrado,D/WB/AM R,31
Koni De Winter,D/WB RL* M L,17
Kristian Sekularac,AM LC,15
Leonardo Bevilacqua,M RC,16
Leonardo Bonucci,D C,32
Leonardo Cerri,ST,16
Lorenzo Lucchesi,D C,16
Luciano Pisapia,DM,16
Marco Raina,GK,17
Matías Soule,AM RL,16
Matteo Andreano,M RC,16
Matteo Anzolin,D LC,18
Matthijs de Ligt,D C,19
Mattia De Sciglio,D/WB RL,26
Merih Demiral,D C,21
Miralem Pjanic,DM* AM C,29
Nicolas Oliveto,GK,16
Nicolas Penner,AM C,18
Nicolò Giorcelli,D C,15
Nicolò Savona,D R,16
Nikita Vlasenko,D C,18
Nikola Sekulov,M RLC,17
Pablo Moreno,AM R* ST,17
Paolo Gozzi,D C,18
Paulo Dybala,AM RC* F C,25
Pietro Saio,D R,15
Razvan Sava,GK,17
Riccardo Turicchia,D L,16
Rodrigo Bentancur,DM,22
Sami Khedira,DM,32
Santiago Ocampos,D R,17
Simone Giacchino,M RC,16
Valentino Salducco,M C,15
William Mauro,D L,16
Wojciech Szczesny,GK,29
Zsombor Senkó,GK,16
Adam Marusic,D/WB/M R,26
Alessio Bianchi,DM,18
Alessio Furlanetto,GK,17
André Anderson,AM/F C,19
Andrea Marino,M C,18
Andrea Santilli,ST,16
Angelo Ndrecka,D/WB/M L,17
Bastos,D C,27
Bobby Adekanye,AM RLC* F C,20
César Kaziewicz,D/WB/M L,17
Ciro Immobile,ST,29
Damiano Franco,D C,17
Danilo Cataldi,DM* AM C,24
Denis Vavro,D C,23
Djavan Anderson,D/WB/AM R,24
Emiliano Shoti,M C,18
Fabio Capotosti,M C,15
Fabio Francucci,DM,18
Federico Adilardi,M C,16
Felipe Caicedo,AM/F C,30
Florent Shehu,AM R,17
Francesco Acerbi,D C,31
Gabriele Migliorati,D/WB L,16
Gabriele Zappalà,GK,16
Giacomo Moretti,GK,16
Giacomo Santovito,D C,16
Gianmarco Di Stefano,ST,18
Guido Guerrieri,GK,23
Gustavo Cipriano,D C,18
Jacopo Petrucci,D C,16
Joaquín Correa,AM RLC* F C,24
Jony,WB/AM L,27
Jordan Lukaku,D/WB/M L,24
Jorge Silva,D C,20
Leonardo Bonanno,D C,16
Lorenzo Ferro,DM,16
Lorenzo Franco,D C,16
Luca Falbo,D/WB/M L,19
Luca Moschini,AM RL,17
Luca Zaghini,ST,16
Lucas Leiva,D C* DM,32
Ludovico Ricci,D C,18
Luis Alberto,AM C,26
Luiz Felipe,D C,22
Manuel Lazzari,D/WB/M R,25
Marco Alia,GK,19
Marco Bertini,DM,16
Marco Parolo,DM,34
Marzio Pica,D C,17
Massimo Zilli,ST,16
Mattia Mari,M C,16
Mattia Marocco,GK,17
Mattia Novella,D/WB R,18
Mattia Peruzzi,GK,17
Mattia Russo,AM RL,16
Michele Riosa,ST,16
Mirco De Santis,D C,15
Mirco Ferrante,M C,16
Mirko Mancino,ST,16
Nicolò Armini,D RC,18
Nicolò Cesaroni,WB L* DM* M LC,16
Nicolò Pollini,D C,16
Nikos Baxevanos,D C,19
Patric,D RLC,26
Raúl Moro,AM RC* F C,16
Ricardo Kishna,AM RLC,24
Senad Lulic,D/WB L* AM LC,33
Sergej Milinkovic-Savic,AM C,24
Sergio Kalaj,D C,19
Silvio Proto,GK,36
Simone Castigliani,ST,15
Stefan Radu,D LC,32
Szymon Czyz,AM C,17
Thomas Strakosha,GK,24
Tommaso Di Fusco,GK,16
Tyro Nimmermeer,AM RL* ST,17
Valerio D'Alessandro,GK,16
Valerio Manzo,M C,16
Valerio Marinacci,AM R,16
Alberto Maria Tundo,M C,16
Alessandro Avantaggiato,ST,19
Alessandro Deiola,DM,23
Alessandro Inguscio,ST,16
Alessandro Sibilla,AM C,17
Alessandro Tarantino,D C,15
Alessio Frassanito,D C,16
Alessio Piazza,AM L* ST,17
Andrea De Maria,ST,16
Andrea Medico,D C,17
Andrea Poletì,M C,16
Andrea Rispoli,D/WB/M R,30
Antonin Barak,AM C,24
Antonino Viola,GK,15
Biagio Meccariello,D RC,28
Brayan Vera,D RLC,20
Christian Galeandro,M C,16
Cristian Chirivì,AM R,16
Cristian Dell'Orco,D LC,25
Cristian Macrì,M C,16
Danilo Pinto,GK,16
Davide Savino,M C,17
Deimantas Rimpa,DM,17
Diego Farias,AM/F C,29
Edoardo Triarico,D L,15
Emanuele Maggio,M C,16
Eugene Shakhov,DM* AM C,28
Fabio Lucioni,D C,31
Fabrizio Angelini,DM,19
Filippo Falco,AM RC* F C,27
Filippo Petrarca,GK,18
Francesco Buscicchio,D LC,17
Francesco Linciano,D C,17
Francesco Massarelli,ST,16
Francesco Palumbo,AM RL,18
Francesco Perrone,D C,16
Francesco Pio Quarta,ST,18
Franck Abou Teher,AM LC,16
Gabriel,GK,26
Gabriel Tarantino,DM,17
Gabriele Gallo,ST,18
Gabriele My,M C,16
Gabriele Pisanello,ST,17
Gabriele Romano,M C,17
Giacomo D'Elia,M C,17
Giammarco Caon,M C,17
Giammaria Mastore,D C,16
Gianluca Lapadula,ST,29
Gianmarco Chironi,GK,21
Gianmarco Mancarella,ST,17
Giorgio Sergio,AM LC,17
Giorgio Vergari,M C,17
Giovanni Cultraro,GK,16
Giulio Donati,D/WB R,29
Giuseppe D'Ancona,GK,16
Giuseppe Massari,AM L* ST,17
Ilario Monterisi,D C,17
Jacopo De Lorenzis,D C,16
Jacopo Petriccione,DM,24
Kevin Vizzino,ST,16
Khouma Babacar,ST,26
Lorenzo Grande,M C,17
Luca Politi,M C,18
Luca Rossettini,D RC,34
Mamadou Moustapha Sene,M C,17
Manuel Taveri,M C,16
Marco Calderoni,D/WB L,30
Marco Carratta,AM L,16
Marco Castelluccio,D C,16
Marco Mancosu,AM LC,30
Marco Miccoli,M C,16
Massimo Schirone,M C,15
Matteo Calabrese,D C,17
Matteo Valentini,M C,16
Mattia Miccoli,D C,16
Mauro Vigorito,GK,29
Michele Laraspata,D L,18
Nehuén Paz,D LC,26
Niccolò Mele,D C,17
Nicola Lamacchia,ST,17
Nicola Semeraro,D/WB L,17
Nicolò Capodieci,ST,16
Panagiotis Tachtsidis,DM,28
Paolo Bianco,D L,16
Pasqualino Ortisi,D C,17
Riccardo Saponara,AM/F C,27
Roberto Palazzo,D C,15
Salvatore Rimoli,AM L,18
Samuele Cohen,M C,15
Samuele Maicol De Luca,AM L,18
Samuele Manca,ST,15
Samuele Oltremarini,ST,16
Sebastiano Stella,M C,17
Sergio Maselli,DM,18
Silvio Colella,D RC,17
Simone De Luca,GK,15
Simone Morleo,D/WB/M L,17
Stefano Cassano,ST,17
Stefano Pani,D R,17
Thomas Giglio,D C,17
Tiziano Caccetta,GK,18
Valerio Coccia,M C,18
Vincenzo Della Gloria,ST,16
Vitantonio Lombardi,ST,15
Vito Mattia Radicchio,D LC,16
Zan Majer,AM LC,26
Alberto Barazzetta,D/WB R,18
Alessandro Citi,D C,16
Alessandro Polenghi,M C,16
Alessandro Sala,M RC,18
Alessio Brambilla,DM,18
Alessio Romagnoli,D C,24
Alessio Tonon,M C,16
Alexis Saelemaekers,D/WB R* AM RL,20
Andrea Capone,AM C,17
Andrea Cella,GK,16
Andrea Conti,D/WB/M R,25
Andrea Malinverno,D C* DM,17
Andrea Sala,M C,15
Andreas Jungdal,GK,17
Andrei Coubis,D C,16
Ante Rebic,AM RLC* F C,25
Antonio Donnarumma,GK,28
Antonio Mionic,M C,18
Asmir Begovic,GK,32
Daniel Maldini,AM RLC,17
Danilo Magli,M C,17
Davide Calabria,D/WB RL* M R,22
Diego Laxalt,D/WB/AM L,26
Edoardo Villa,GK,16
Emanuele Pecorino,ST,17
Emanuele Torrasi,DM,20
Enrico Di Gesù,M C,17
Filippo Concas,D RC,16
Francesco Angelini,DM,16
Francesco Palmieri,AM L* ST,17
Francesco Toffanin,AM C,16
Franck Kessié,DM,22
Gabriele Galardi,D/WB R,17
Giacomo Bonaventura,AM LC,29
Giacomo Olzer,AM RC,18
Gianluigi Donnarumma,GK,20
Giovanni Robotti,M C,17
Giuseppe Cassano,GK,16
Hakan Çalhanoglu,AM RLC,25
Henoc N'Gbesso,AM RL* ST,16
Ismaël Bennacer,DM,21
Jordan Pio Amore,M C,16
Jouns Gabriele El Hilali,AM C,16
Kelvin Cudjoe,AM/F C,17
Kevin Bright,M C,16
Lenny Borges,D/WB R,18
Léo Duarte,D C,22
Leonardo Moleri,GK,17
Lorenzo Colombo,ST,17
Luan Capanni,AM/F C,19
Luca Stanga,D C,17
Lucas Biglia,DM,33
Lucas Paquetá,AM C,21
Marco Bosisio,D RC,17
Marco Brescianini,DM,19
Marco Frigerio,M C,17
Marco Nasti,ST,16
Mateo Musacchio,D C,28
Matteo Angeli,D C,16
Matteo Cattaneo,D RC,17
Matteo Gabbia,D C* DM,19
Matteo Soncin,GK,18
Matteo Turato,D C,16
Mattia Cretti,D C* DM,17
Mattia Paloschi,GK,17
Michele Lo Curto,D/WB L,17
Mintasinot Luscietti,AM LC,16
Niccolò Balesini,D C,16
Nikos Michelis,D C* DM,18
Nosa Obaretin,D LC,16
Paolo Perez,M C,16
Pasquale Costanzo,M C,17
Pietro Grassi,D C,17
Rade Krunic,AM RC,25
Rafael Leão,AM/F C,20
Riad Tahar,D C,17
Riccardo Oddi,D LC,17
Riccardo Tomella,M C,16
Riccardo Tonin,ST,18
Sabino Signorile,AM RC,17
Samu Castillejo,AM RLC,24
Sebastiano Desplanches,GK,16
Siaka Haïdara,AM RC,18
Simon Kjær,D C,30
Simone Bassoli,AM C,17
Simone Giosuè,D/WB/M R,17
Simone Potop,D C,19
Simone Tirapelle,D R,16
Theo Hernández,D/WB/M L,21
Thomas Galletti,GK,16
Tommaso Merletti,D C,17
Zlatan Ibrahimovic,ST,37
Agapios Vrikkis,AM RL,18
Alberto Senese,D LC,19
Alessandro Zanoli,D RC,18
Alessio Esposito,DM,18
Alex Meret,GK,22
Allan,DM,28
Amin Younes,AM RL,25
Antonio Cioffi,AM L,16
Antonio D'Amato,AM C,17
Antonio Pio Daniele,GK,16
Antonio Vergara,AM C,16
Antonio Vitiello,D RC,16
Arkadiusz Milik,ST,25
Armando Tripaldi,M LC,16
Benedetto Barba,D C,16
Brando Sami,DM,18
Bruno Umile,AM RL* ST,16
Carlo Cavallo,AM R,17
Ciro Palmieri,AM L* ST,19
Claudio Manzi,D C,19
David Ospina,GK,30
Davide Acampa,AM R* ST,16
Davide Costanzo,D C,16
Diego Demme,DM,27
Dries Mertens,AM RLC* F C,32
Eljif Elmas,AM C,19
Elseid Hysaj,D/WB RL,25
Enrico Pio De Martino,DM,16
Fabián,DM* AM RLC,23
Faouzi Ghoulam,D/WB L,28
Fernando Llorente,ST,34
Francesco Baietti,GK,16
Francesco Marrazzo,M C,17
Francesco Rossi,M RC,16
Francesco Somma,D R,16
Gennaro Iaccarino,M C,16
Gioacchino Maione,GK,17
Gioele Cirillo,D L,15
Giorgos Vrakas,AM C,18
Giovanni Calvano,D/WB/M L,18
Giovanni Ceparano,DM,17
Giovanni Di Lorenzo,D RLC* M R,25
Giuseppe Ammaturo,GK,16
Giuseppe D'Agostino,AM RC* F C,16
Hirving Lozano,AM RL* ST,23
Hubert Idasiak,GK,17
José Callejón,AM RL,32
Kalidou Koulibaly,D C,28
Karim Zedadka,D/WB L* M LC,19
Kévin Malcuit,D/WB/AM R,27
Kleis Bozhanaj,AM/F C,18
Kostas Manolas,D C,28
Leandrinho,AM L* ST,20
Lorenzo Carannante,D C,16
Lorenzo Insigne,AM LC* F C,28
Lorenzo Sgarbi,ST,18
Luca Maciariello,D L,15
Manuel Matrone,D C,16
Marc Tsoungui,D C,16
Mario Chianese,ST,18
Mário Rui,D/WB/M L,28
Matteo Politano,AM RL* ST,25
Mauro Sepe,D C,16
Nello D'Onofrio,D C,17
Niccolò Bartiromo,D RC,18
Nikola Maksimovic,D RC,27
Orestis Karnezis,GK,33
Paolo De Simone,ST,16
Piotr Zielinski,AM LC,25
Rafail Mamas,DM,18
Raffaele D'Angelo,AM C,15
Raffaele Virgilio,D C* DM,17
Roberto Natale,DM,16
Samuele Vianni,ST,17
Sebastiano Luperto,D LC,22
Simone Zanon,M RLC,17
Stanislav Lobotka,AM C,24
Valerio Labriola,AM C,18
Vincenzo Mancino,GK,17
Vincenzo Potenza,D R,17
Abdoul Bane,D R,18
Agyei Mama,ST,16
Ahmed Ankrah,M C,17
Alberto Grassi,DM,24
Alessio Ferrari,M C,16
Alex Bisagni,D R,18
André Silva,M LC,16
Andrea Adorante,AM/F C,19
Andrea Di Maggio,D C,18
Andrea Paolo Schifano,ST,17
Andreas Cornelius,ST,26
Antonino Barillà,DM,31
Botond Balogh,D C,17
Bruno Alves,D C,37
Carl Davordzie,ST,19
Cristian Casarini,D C,16
Dani Jodar,D L,17
Davide Bonacini,DM,16
Davide Cipolletti,D R,18
Dejan Kulusevski,AM RLC,19
Drissa Gui Camara,DM,17
Edoardo Corvi,GK,18
Emanuele Di Bella,D R,16
Fabien Petronelli,AM RC* F C,17
Fabio Frattini,GK,16
Fabour Utieyin,D L,16
Federico Agazzi,GK,17
Federico Agostinelli,AM/F C,16
Filippo Rinaldi,GK,16
Franck Hien Sie,D L,16
Gabriel Rocchi,D/WB R,18
Gabriele Artistico,ST,16
Gabriele Lasagni,D R,16
Gaspare Miceli,DM,17
Gastón Brugman,DM,26
Gervinho,AM RL* ST,32
Gianluca Caprari,AM RLC* F C,25
Gianluca Ruggeri,D L,16
Gianni Munari,DM,36
Giovanni Vaglica,D C,16
Giuseppe Pezzella,D/WB/M L,21
Hernâni,DM,25
Ionut Radu,GK,22
Jakub Stefancin,ST,17
Jasmin Kurtic,AM C,30
Juraj Kucka,DM,32
Kastriot Dermaku,D C,27
Klajdi Lusha,D C,16
Lamin Colley,AM L,19
Luca Perdicchia,ST,16
Luca Siligardi,AM RL,31
Luigi Sepe,GK,28
Marco D'Aloia,DM,18
Márk Kosznovszky,DM,17
Martin Turk,GK,16
Matteo Cucci,D/WB L,18
Matteo Darmian,D/WB RL* M R,29
Matteo De Rinaldis,M C,16
Matteo Lucarelli,D LC,17
Matteo Scozzarella,DM,31
Matteo Sementa,M C,16
Mattia Nucci,M RC,18
Mattia Sprocati,AM RLC,26
Michele Monteverdi,GK,16
Mohammed El Ghazzouli,AM RL,16
Moussa Koné,DM,18
Nicolò Di Monaco,M C,16
Paolo Napoletano,AM L,17
Patricio Alexis Goglino,AM RC* ST,18
Pio Leonardo Trezza,GK,17
Pio Leonardo Trezza,AM L,17
Reda Aissaoui,D C,15
Redi Kasa,AM/F C,18
Reinaldo Ionut Radu,D R,17
Riccardo Gagliolo,D LC,29
Roberto Inglese,ST,27
Simone Colombi,GK,28
Simone Iacoponi,D RC,32
Stefano Palmucci,DM,18
Vasco Regini,D LC,28
Vincent Laurini,D/WB R,30
Vincenzo Farucci,D C* M C,16
Yann Karamoh,AM RL* ST,20
Abdouramane Diaby,D C,15
Aleksandar Kolarov,D LC,33
Alessandro Logrieco,M C,16
Alessio Buttaro,D C,16
Alessio Riccardi,AM C,18
Alessio Santese,D C* DM,18
Amadou Diawara,DM,21
Andrea Astrologo,DM,17
Andrea Chiossi,GK,17
Antonio Mirante,GK,35
Antonio Satriano,ST,15
Bruno Peres,D/WB RL* M R,29
Bryan Cristante,DM* AM C,24
Carles Pérez,AM RL* ST,21
Cengiz Ünder,AM RL,21
Chris Smalling,D C,29
Claudio Cassano,AM C,16
Daniel Barel Tueto Fotso,AM L,16
Daniel Fuzato,GK,21
Daniele Sarno,AM RL,16
Daniele Trasciani,D C,19
Davide Ludovici,D R,16
Davide Santon,D/WB RL,28
Davide Zappacosta,D/WB/M R,27
Devid Bouah,D/WB/M R,17
Diego Perotti,AM RLC,30
Ebrima Darboe,DM,18
Edin Dzeko,ST,33
Edoardo Bove,DM,17
Edoardo Travaglini,AM R,17
Emanuele Zamarion,GK,18
Federico Fazio,D C,32
Felipe Estrella,ST,18
Filippo Berti,GK,16
Filippo Tripi,DM,17
Flavio Cantarelli,DM,16
Francesco Dicorato,D C,16
Gabriele Carlucci,AM RL,16
Gennaro Nigro,DM,19
Gianluca Mancini,D C* DM,23
Gonzalo Villar,AM C,21
Henrikh Mkhitaryan,AM RLC,30
Ibañez,D C* DM,20
Jacopo Nobile,M C,16
Javier Pastore,AM LC,30
Joel Persson,ST,16
Jordan Veretout,DM* AM C,26
Juan Jesus,D LC,28
Justin Kluivert,AM RL,20
Keres Masangu,DM,19
Lamine Junior Tall,ST,17
Leonardo Spinazzola,D/WB/M RL,26
Lorenzo Pellegrini,AM C,23
Lorenzo Poverini,GK,16
Lorenzo Scandurra,AM R,16
Luca Aglietti,D C,17
Luca Chierico,M C,17
Ludovico D'Orazio,AM RL,19
Maissa Codou Ndiaye,D C,16
Marco Gabriel Anticoli,ST,16
Marzio Di Bartolo,M C,16
Matteo Bruno,DM,16
Matteo Cancellieri,AM R* ST,17
Matteo Cardinali,GK,18
Matteo Tomassini,D/WB R,17
Mattia Ciucci,D C,16
Mattia Marsili,DM,16
Mert Çetin,D C,22
Michele Antenori,AM RL* ST,17
Mory Bamba,AM RL,17
Nicola Zalewski,AM RLC,17
Nicolò Evangelisti,D C,16
Nicolò Zaniolo,AM RLC,19
Nikola Kalinic,ST,31
Oliver Jürgens,ST,16
Ottavio Garau,AM L* ST,16
Pau López,GK,24
Pier Luigi Simonetti,AM C,18
Pietro Boer,GK,17
Raul Morichelli,D C,16
Riccardo Calafiori,D/WB L,17
Riccardo Ciervo,AM L* ST,17
Ruben Providence,AM LC,18
Samuele Suffer,D/WB L,17
Simone Modugno,DM,16
Stefano Parodi,D/WB R,18
Tommaso Milanese,AM/F C,16
Vicente Besuijen,AM R* ST,18
Vincenzo Muteba,D/WB/M R,17
Wiktor Plesnierowicz,D C,18
William Bianda,D C,19
Yuri Rocchetti,D C,16
Zakaria Sdaigui,M C,18
Adam Obert,D C,16
Alberto Rossi,GK,15
Albin Ekdal,DM,29
Alessandro Bertozzi,ST,16
Alessandro Casanova,DM,17
Alessandro Donato,ST,16
Alessio Chiodi,M C,16
Alex Ferrari,D RC,25
Alex Pastor,D C* DM,19
Alfonso Sepe,DM,16
Andrea Bertolacci,AM C,28
Andrea Seculin,GK,28
Andreas Chrysostomou,DM,18
Antonino La Gumina,ST,23
Antonis Siatounis,D C* DM,16
Antony Angileri,D C* DM,18
Aris Aksel Sörensen,D C,18
Armelo Doda,D C,16
Bartosz Bereszynski,D/WB/M R,26
Bruno Amado,AM RL* ST,17
Cristian Canovi,M C,16
Daniele Montevago,ST,16
Davide Alesso,M C,16
Davide Canovi,DM,18
Davide Favara,D C,15
Davide Garibbo,D C,15
Denis Miceli,D L,16
Dodô,D/WB L,27
Édgar Barreto,DM,34
Emanuel Ercolano,D R,16
Emil Audero,GK,22
Erik Gerbi,ST,19
Fabio Depaoli,D/WB/M R,22
Fabio Quagliarella,ST,36
Federico Bonazzoli,ST,22
Federico Gaggero,AM L* ST,16
Federico Scaffidi,ST,17
Felice D'Amico,AM LC* F C,18
Filippo Pittaluga,D R,18
Flavio Paoletti,M C,16
Francesco Migliardi,D L,16
Francesco Scotti,AM C,19
Gabriele Marrale,ST,16
Gabriele Noceti,ST,16
Gastón Ramírez,AM RLC,28
Gerard Yepes,DM,16
Giacomo Serafin,ST,16
Gianluca Bova,GK,16
Gonzalo Maroni,AM C,20
Ibourahima Baldé,AM RC* F C,20
Ivan Mario Saio,GK,17
Ivo Thomas Pohmajevic,AM L,15
Jakub Jankto,AM LC,23
Jamie Yayi Mpie,AM RL* ST,18
Jhoan Manuel Ozuna Mejia,ST,16
Julian Chabot,D C,21
Kaíque Rocha,D C,18
Karol Linetty,DM,24
Kevin Antonino Vigliani,D C,15
Kristoffer Askildsen,DM,18
Leonardo Pedicillo,ST,16
Lorenzo Avogadri,GK,17
Lorenzo Boschini,GK,17
Lorenzo Campaner,D C,16
Lorenzo Chiarlone,D C,16
Lorenzo Di Stefano,ST,16
Lorenzo Lamonica,AM R,18
Lorenzo Sabattini,DM,17
Lorenzo Tonelli,D C,29
Louis Dolcini,M C,16
Luigi Aquino,D C,17
Manolo Gabbiadini,AM RC* F C,27
Marco Somma,AM R* ST,17
Matteo Raspa,GK,17
Matteo Stoppa,AM RL* ST,18
Maya Yoshida,D C,30
Mehdi Léris,AM RLC* F C,21
Michael Brentan,DM,17
Michael Volpe,M C,17
Morten Thorsby,M C,23
Nicola Murru,D/WB/M L,24
Nicolas Boiga,ST,16
Nicolò Francofonte,M RC,18
Nicolò Vaccarezza,GK,16
Nik Prelec,AM R* ST,18
Omar Colley,D C,26
Petar Zovko,GK,17
Piergiorgio Sarago,ST,16
Riccardo Bellucci,ST,17
Riccardo Colleoni,GK,16
Roberts Veips,D C,19
Ronaldo Vieira,DM,20
Samuele Morando,ST,17
Simone Giordano,D L,17
Simone Gualandri,D C,17
Simone Napoli,D C,16
Simone Trimboli,DM,17
Stefano Vaghi,D RC,18
Tommaso Augello,D/WB/M L,24
Tommaso Sanguinetti,D C,16
Wladimiro Falcone,GK,24
Alessandro Ahmetaj,M C,19
Alessandro Barbetta,D C,16
Alessandro Biondelli,ST,16
Alessandro Cavallini,D C,16
Alessandro Iodice,D C,16
Alessandro Mercati,AM C,17
Alessandro Pilati,D C,19
Alessandro Russo,GK,18
Alessandro Tripaldelli,D/WB/M L,20
Alessio Arcopinto,AM/F C,16
Alessio Landini,ST,16
Amadou Traoré,AM C,16
Andrea Consigli,GK,32
Andrea Ghion,DM,19
Andrea Mattioli,ST,17
Andrei Marginean,DM* AM C,17
Antonio Borgia,AM C,16
Asan Mata,M C,15
Brian Oddei,AM R* ST,16
Cherinet Sartori,WB/AM R,17
Cristian Aucelli,M C,17
Cristian Shiba,D/WB R* M RC,18
Daniel Fosu,M C,17
Daniele Pecchia,D L,16
Davide Manarelli,D L,17
Denis Caniparoli,ST,17
Dennis Bruno,M C,15
Diego Simonetta,DM,16
Domenico Berardi,AM RLC* F C,24
Edoardo Bartoli,AM LC,19
Edoardo Operato,D LC,17
Edoardo Pieragnolo,D C,16
Emanuele Galli,DM,17
Emanuele Grumo,D LC,16
Emiliano Gómez,AM L* ST,17
Enea Cehu,D C,16
Ernest Okoduwa,M C,16
Federico Artioli,DM,18
Federico Casolari,M C,16
Federico Peluso,D LC,35
Filip Djuricic,AM RLC,27
Filip Nagy,D C,18
Filippo Cermaglia,GK,17
Filippo Romagna,D C,22
Francesco Caputo,ST,31
Francesco Magnanelli,DM,34
Giacomo Manzari,AM RC,18
Giacomo Raspadori,AM L* ST,19
Gian Marco Ferrari,D C,27
Giangiacomo Magnani,D C,23
Gianluca Pegolo,GK,38
Gioele Zacchi,GK,15
Giorgos Kyriakopoulos,D/WB/M L,23
Giovanni Midolo,DM,18
Giuseppe Aurelio,ST,19
Giuseppe Ciafardini,D RL,17
Grégoire Defrel,AM RL* ST,28
Hamed Junior Traoré,AM C,19
Jacopo Pellegrini,AM RL* ST,18
Jeremie Boga,AM RLC* F C,22
Jeremy Toljan,D/WB RL,24
Kerim Licka,M C,18
Leonardo Fontanesi,D RC,23
Lorenzo D'Alessio,D/WB L,17
Lorenzo Mazzi,GK,17
Luca Lazzaretti,ST,16
Luca Rubino,GK,18
Luká Haraslín,AM RL,23
Manuel Cannavaro,M C,17
Manuel Locatelli,DM,21
Manuel Vitiello,GK,18
Marco Lanzi,GK,16
Marlon,D C,23
Martino Ripamonti,ST,17
Matteo Barani,ST,17
Matteo Brizzolara,D R,18
Matteo Pinelli,D/WB/M L,18
Matteo Saccani,D/WB R,18
Mattia Poligani,M C,17
Mehdi Bourabia,AM C,27
Mert Müldür,D RC,20
Michael Chiemerie,AM LC,16
Nicholas Martini,AM RC* F C,18
Nico Manara,AM RL* ST,18
Nicolas Laghi,AM RLC,17
Nicolo' Bellucci,D C,17
Paolo Capogna,AM R* ST,16
Pedro Obiang,DM,27
Pietro Crotti,D RC,17
Raul Steau,AM C,18
Riccardo Barbieri,ST,16
Riccardo Comisso,ST,18
Riccardo Lugli,GK,17
Riccardo Notari,M C,17
Roberto Battaglia,AM RL* ST,17
Rogério,D/WB/M L,21
Salvatore Palma,ST,16
Samuele Fiore Uni,D LC,17
Samuele Vitale,GK,16
Stefano Piccinini,D C,16
Stefano Saielli,ST,16
Stefano Turati,GK,17
Vincenzo Ferrara,ST,16
Vittorio Mehmetaj,DM,18
Vlad Chiriches,D C,29
Zoran Mitrov,AM RLC* F C,17
Abdoul Aziz Sare,DM,17
Alberto Cerri,ST,23
Alen Causevic,M C,16
Alessandro Carlini,M C,16
Alessandro Mingozzi,GK,16
Alessandro Murgia,DM,22
Alessandro Tumminelli,D C,15
Altin Kryeziu,M C,17
Andrea Petagna,ST,24
Andrea Pilotto,ST,16
Anton Logi Lúðvíksson,D C* DM,16
Antonio Fiori,AM L,16
Arkadiusz Reca,D/WB/M L,24
Bartosz Salamon,D C,28
Bryan Dabo,D/WB R* DM* M RC,27
Cesare Galeotti,GK,16
Christian Basile,D/M R,16
Ciro Capasso,ST,16
Damian Maksymowicz,GK,17
Daniel Guerini,AM C,17
Davide Fregnani,DM,17
Demba Thiam,GK,21
Elion Minaj,ST,17
Emanuele Tosi,AM/F C,16
Ervin Zukanovic,D C,32
Etrit Berisha,GK,30
Federico Di Francesco,AM RLC* F C,25
Federico Zanchetta,DM,17
Felipe,D LC,34
Filippo Faggi,D C,16
Francesco Vicari,D C,24
Franck Freedy Teyou Tamo,M C,17
Gabriel Strefezza,WB/AM RL,22
Gabriele Selleri,ST,16
Georgi Tunjov,AM C,18
Gracjan Szyszka,D C,16
Ionut Batanasi,AM LC,16
Jacopo Sala,D/WB/M R,27
Jakub Iskra,D RC,16
Jaume Cuéllar,AM/F C,17
Jionathan Campagna,AM RLC* F C,17
Karlo Letica,GK,22
Kevin Bonifazi,D C,23
Lorenzo Babbi,ST,19
Lorenzo Valesani,D C,17
Luca Magnanini,M C,15
Lucas Castro,AM RLC,30
Marco D'Alessandro,WB/AM RL,28
Marco Forapani,M C,16
Marco Meneghetti,GK,18
Márk Csinger,D C,16
Matias Romagnoli,GK,16
Matteo Borsoi,M C,16
Mattia Roda,DM,15
Mattia Valoti,AM C,25
Maurice Gomis,GK,21
Michael Siviero,AM RL,18
Mikael Egill Ellertsson,M C,17
Mirko Valdifiori,DM,33
Mohamed Fares,D/WB/AM L,23
Nenad Tomovic,D RC,31
Nicola Salvemini,ST,16
Oscar Uddenäs,M RL,16
Paolo Cannistrà,D C,18
Patryk Peda,D C,17
Raffaele Spina,D C,17
Ricardo Farcas,D C* DM,19
Riccardo Alessio,M C,18
Riccardo Mari,D/M R,16
Riccardo Mastrilli,D/WB/M L,22
Sergio Floccari,ST,37
Simone Missiroli,DM,33
Thiago Cionek,D RC,33
Thomas Coulange,D C,18
Thomas Maneo,D C,16
Alejandro Marcos,D RC,19
Alessandro Mirabelli,D RC,17
Alessio Buono,GK,17
Álex Berenguer,WB L* AM LC,23
Andrea Basso,GK,16
Andrea Belotti,ST,25
Andrei Antonio Anton,D C,16
Antonio Rosati,GK,36
Armando Izzo,D C,27
Augustinas Klimavicius,AM R,18
Bogdan Stauciuc,ST,16
Bremer,D C,22
Brijan Ibrahimi,ST,17
Carlo Pirola,GK,17
Christ Kouadio,D R,18
Christian Celesia,D LC,17
Christian Novelli,D C,17
Cristian Ansaldi,D/WB/M RL,32
Damiano Cancellieri,D L,18
Daniele Baselli,M C,27
Daniele Favale,M C,18
Demis Maugeri,M C,15
Deniss Melniks,DM,16
Derrick Gyimah,ST,16
Diego Barbieri,ST,16
Diego La Rotonda,M C,17
Diego Morra Bean,D C,17
Edoardo Bedetti,D/WB R,16
Edoardo Fiorio,GK,17
Edoardo Malvezzi,M LC,16
Edoardo Priore,AM RL* ST,17
Emanuele Capistrano,M C,16
Emin Ghazoini,D R,18
Fabio Gonella,AM RLC,19
Federico Calò,D C,16
Federico Rotella,DM* M LC,17
Federico Todisco,D C,16
Francesco Bongiovanni,AM LC* F C,17
Freddi Greco,D/WB L* AM LC,18
Gabriel Anyimah,AM/F C,15
Gabriele Aita,ST,16
Gabriele Savino,ST,18
Giacomo Siniega,D C,18
Gianluca Parpinel,D C,18
Gideon Obu,AM C,17
Giorgio Savini,M C,16
Jacopo Pezzoli,GK,17
Javier Bellonch,M C,16
José Maria Licciardino,ST,16
Koffi Djidji,D C,26
Leonardo Vespa,AM L,15
Lorenzo De Silvestri,D/WB/M R,31
Lorenzo Galfano,AM R,16
Lorenzo Peirano,M C,17
Lorenzo Valentini,D C,16
Luca Pesce,ST,17
Luca Robert Lewis,GK,18
Luca Trombini,GK,18
Luka Markovic,ST,19
Lyanco,D C,22
Marco Garetto,M R,17
Marco Juricic,D C,16
Marius Cotruta,D/M L,17
Massimo Tesio,DM,16
Mateus Greco,ST,16
Matteo Eordea,AM R,16
Matteo Fiorenza,GK,16
Matteo Formia,D C,17
Mattia De Rigo,AM/F C,18
Mattia La Marca,M C,16
Mattia Ordisci,M C,15
Mattia Sandri,M R,18
Michel Ndary Adopo,M C,18
Michele Foschi,DM,17
Michele Pane,AM RLC,16
Mihael Onisa,M C,19
Nicholas Cocola,M C,16
Nicolas Nkoulou,D C,29
Nicolò Redaelli,AM R,16
Norvin Mukiele,ST,18
Ola Aina,D/WB/M RL,22
Patrick Enrici,D L,18
Riccardo D'Antoni,ST,16
Riccardo Picariello,D L,17
Riccardo Ricossa,M L,18
Riccardo Sganzerla,D C* DM,16
Salvatore Sirigu,GK,32
Samir Ujkani,GK,30
Samuele Lovaglio,AM RL* ST,17
Sasa Lukic,DM* AM C,22
Simone Edera,AM RLC* F C,22
Simone Milazzo,DM,16
Simone Verdi,AM RLC,26
Simone Zaza,ST,28
Soualiho Meité,DM* AM C,25
Stefano Crivellaro,D R,17
Szymon Matysiak,GK,17
Thomas Fimognari,ST,17
Thomas Gerbino,M RLC,17
Tomas Mira,AM C,16
Tomás Rincón,DM,31
Tommaso Di Marco,M C,16
Tommaso Fontana,GK,18
Tommaso Marafioti,D C,16
Vilius Piliukaitis,AM C,18
Vincenzo Millico,AM LC* F C,18
Vittorio Imperato,D C,16
Wilfried Singo,D C,18
Youssouf Sylla,ST,16
Adams Kamagate,ST,16
Alessandro Chiavon,GK,16
Alessandro Rigo,DM,17
Alessandro Tassotti,D C,17
Alessandro Zuliani,AM C,16
Aljaz Dzankic,D C,17
Aron Katuma,AM R,19
Bram Nuytinck,D C,29
Davide Rufino,ST,16
Edoardo Piana,GK,15
Enrico Biancon,D C,17
Enrico Oviszach,AM R,18
Eric Lirussi,AM RL* ST,18
Filip Vasko,D C,19
Filippo Pozzani,AM L* ST,15
Francesco Mazzolo,D C,17
Francesco Renzi,ST,18
Gabriel Pecos,AM/F C,18
Gabriel Rossitto,M RC,16
Giacomo Fedel,DM* AM C,16
Gianluca Cum,AM L* ST,17
Hidde ter Avest,D RC,22
Ilija Nestorovski,ST,29
Jacopo Fedrizzi,ST,16
Jan Kubala,AM RLC,19
Jens Stryger Larsen,D RLC,28
Juan Musso,GK,25
Ken Sema,D/WB/AM L,25
Kevin Lasagna,ST,26
Leonardo Pasian,D C,16
Lorenzo Codutti,D C,16
Luca Aviani,D/WB L,18
Luca Moretti,GK,18
Luis Ndreu,M LC,18
Lukasz Teodorczyk,ST,28
Manuel Gasparini,GK,17
Marco Ballarini,DM,18
Martin Palumbo,AM/F C,17
Marvin Zeegelaar,D/WB L,28
Mato Jajalo,DM,31
Matteo Amoroso Dos Santos,AM/F C,16
Matteo Brighi,D C,16
Matteo Carnelos,GK,16
Mattia Codromaz,D RC,16
Mattia Compagnon,M RLC,17
Mattia Damiani,M C,16
Michael Caissutti,D C,16
Nicola Pucci,M C,16
Nícolas,GK,31
Nicolò Del Fabro,M C,17
Paolo Snidarcig,AM C,17
Raed Jaziri,DM,16
Riccardo Castagnaviz,M C,16
Riccardo Pinzi,DM,15
Richard Basha,ST,17
Ricky Maset,D C,16
Rodrigo Becão,D C,23
Rodrigo De Paul,AM RLC* F C,25
Rolando Mandragora,DM,22
Salah Aldin Basha,ST,16
Samir,D LC,24
Samuele Garbero,ST,15
Samuele Perisan,GK,21
Sebastian Prödl,D C,32
Sèbastien De Maio,D C,32
Sehyun Beak,M RC,17
Séko Fofana,DM,24
Simone Ianesi,AM R* ST,17
Stefano Okaka,ST,29
Thomas Battistella,DM,17
Walace,DM,24
William Troost-Ekong,D C,25
Adama Sané,ST,19
Alan Empereur,D LC,25
Alessandro Berardi,GK,28
Amir Rrahmani,D RC,25
Andrea Danzi,DM,20
Andrea Gresele,D RC,17
Andrea Marini,ST,16
Andrea Multari,M C,16
Andrea Rudella,ST,17
Ankrah Philip Yeboah,ST,16
Bernardo Calabrese,D C,17
Bogdan Jocic,AM C,18
Boris Radunovic,GK,23
Christian Pierobon,M C,17
Claud Adjapong,D/WB/M R,21
Darko Lazovic,D/WB RL* M RL,28
Darrel Agbugui,D/WB L,18
Davide Faraoni,D/WB/M R,27
Diego Armando Casalini,ST,16
Diego Bernardinello,AM L,18
Diego Casalini,ST,16
Diego Coppola,D C,16
Diego Fornari,AM R,15
Diego Gardini,D C,16
Dorian Ciezkowski,GK,18
Eddie Salcedo,AM L* ST,17
Elia Dal Cortivo,D C,18
Emanuele Crema,M C,16
Emmanuel Badu,DM,28
Eugenio Cristoforo Bracelli,M C,17
Fabio Borini,AM RL* ST,28
Fabio Corradini,D/WB L,19
Federico Dimarco,D/WB/M L,21
Filippo Terracciano,M C,16
Florian Hoxha,D C,16
Giampaolo Pazzini,ST,34
Gianmarco Atzei,DM,16
Iyenoma Destiny Udogie,D LC,16
João Cesco,D C,18
Koray Günter,D C,24
Kostas Giannatsoulias,GK,16
Linas Zingertas,AM RL,17
Lorenzo Bertini,ST,17
Lorenzo Giacometti,DM,16
Luca Checchin,DM,22
Luca Fontana,GK,18
Luca Patuzzo,GK,16
Lucas Martello,AM LC,19
Marash Kumbulla,D C,19
Marco Silvestri,GK,28
Mariusz Stepinski,ST,24
Matei Ilie,M C,16
Matias Martinez,M C,19
Matteo Lovato,D C,19
Matteo Pessina,DM* AM C,22
Mattia Florio,ST,15
Mattia Turra,DM,16
Mattia Zaccagni,AM C,24
Miguel Veloso,DM,33
Nunzio Brandi,M C,18
Pawel Dawidowicz,D C,24
Pierpaolo Rubino,AM L,16
Precious Amayah,AM R* ST,18
Riccardo Campobello,M C,16
Salvatore Bocchetti,D C,32
Samuel Di Carmine,ST,30
Sergio Schiavoni,M C,16
Silvinho Esajas,D C,16
Silvio Antonio Squarzoni,DM,17
Sofyan Amrabat,DM,22
Tommaso Ferrarese,M C,16
Valentin Eysseric,AM RLC,27
Valerio Verre,AM C,25
Victor Aznar Ussen,GK,16
