Alhassane Keita,ST,27
Álvaro Ramalho,GK,20
André Moreira,GK,23
André Santos,DM,30
António Montez,M C,17
Cafú Phete,D C* DM,25
César Sousa,AM C,19
Chahreddine Boukholda,AM C,23
Chico,AM RC,21
Chima Akas,D LC,25
Danny Henriques,D C* DM,21
Dieguinho,AM RLC* F C,27
Diogo Calila,D/WB R,20
Diogo Pereira,M C,18
Edgar Pacheco,AM L* ST,19
Edi Semedo,AM RL* ST,20
Elvis Landim,D/WB R,19
Filipe Mendes,GK,34
Francisco Guimarães,GK,17
Francisco Varela,D/WB L,24
Gonçalo Agrelos,AM RL,21
Gonçalo Silva,D C,28
Guilherme Santos,D LC,16
Hakim Ouro-Sama,D C,21
Hervé Koffi,GK,22
Ivan Dias,D RC,24
Jeremias Nhambirre,D R,19
João Monteiro,GK,18
Jorge Xavier,D/WB R,18
Kau,D LC* DM,20
Kenedy Santos,ST,18
Licá,AM RL* ST,30
Luca Van der Gaag,D C,17
Lucas Oliveira,ST,17
Luís Silva,D C,20
Marco Matias,AM RL,30
Mateo Cassierra,AM L* ST,22
Nilton Varela,D/WB L,18
Nuno Coelho,D C* DM,31
Ricardo Ferreira,D C,26
Ricardo van der Laan,GK,16
Robinho,AM RLC,21
Rúben Lima,D/WB L,29
Rúben Ribeiro,D/WB/M L,23
Show,DM,20
Silvestre Varela,AM RL,34
Sphephelo Sithole,DM,20
Tiago Esgaio,D R* DM,23
Tomás Castro,AM LC,20
Tomás Ribeiro,D C* DM,20
Alberto Bueno,AM/F C,31
Alexandre Moutinho,D/WB L* AM LC,17
Breno Teixeira,D/WB L,19
Carraça,D/WB R* DM,26
Cassiano,AM L* ST,30
Fabiano,D RC,27
Fernando Cardozo,ST,18
Francisco Pereira,DM,17
Gonçalo Rocha,ST,18
Gustavo Dulanto,D C* DM,24
Gustavo Sauer,AM RLC,26
Helton Leite,GK,28
Heriberto Tavares,AM RL,22
Idris,DM,34
Ivo Mesquita,D C,16
João Gonçalves,GK,18
João Sousa,AM RL,18
José Esteves,DM,18
Leonardo Silva,ST,17
Lucas Tagliapietra,D C,28
Luís Santos,AM RL,19
Marlon,D/WB L,22
Mateus,AM RL* ST,35
Miguel Reisinho,M C,20
Néris,D C* DM,27
Nikola Stojiljkovic,AM R* ST,26
Nwankwo Obiora,DM,27
Paulinho,AM RL,22
Pedro Malheiro,AM RL,18
Rafael Bracali,GK,38
Ricardo Costa,D C,38
Tomás Reymão,AM RC,20
Yaw Ackah,DM,20
Yusupha Njie,AM LC* F C,25
Aires Sousa,AM L,20
Alex Ferreira,GK,20
Amir Abedzadeh,GK,26
André Cardoso,AM/F C,18
Bebeto,D/WB R,29
Carlos Tovar,D/WB L,20
Charles,GK,25
Chico Banza,ST,20
China PR,D/WB/AM L,26
Daizen Maeda,AM/F C,21
Dejan Kerkez,D RC,23
Diego Moreno,DM* M RC,23
Douglas Grolli,D C,30
Edgar Costa,AM RL,32
Edgar Mendonça,GK,22
Erivaldo,AM RL,25
Fábio Faria,D R* AM RL,19
Franck Bambock,DM,24
Getterson,AM R* ST,28
Gonçalo Duarte,D/WB R,21
Jake Gonçalves,D/WB L,24
Jhon Cley,AM RLC* F C,25
João Silva,GK,17
Joel,AM R* ST,25
Johnson Owusu,AM RL* ST,21
Jorge Correa,AM RLC,26
Jorge Guerreiro,AM L,20
José Marcelo,ST,20
Josip Vukovic,DM,27
Joyce Anacoura,GK,24
Juan Mosquera,DM* M RC,23
Leandro Cardoso,ST,20
Lynconl,DM,22
Magrão,D C,21
Mamadou Traoré,D C* DM,24
Manuel Caneira,ST,19
Michael Morais,AM RL* ST,21
Miguel Gouveia,DM,20
Nanu,D/WB/M R,25
Nuno Correia,DM,20
Pedro Pelágio,DM,19
Renê Santos,D C* DM,27
Rodrigo Andrade,AM RL,17
Rodrigo Pinho,ST,28
Rúben Ferreira,D/WB L,29
Rúben Sousa,D C,18
Simão Sousa,M C,18
Umaro Baldé,AM RL,20
Vilson Caleir,AM C,20
Xadas,AM RC,21
Zainadine Júnior,D RC,31
Aaron Tshibola,M C,24
Abdoulaye Diallo,AM L* ST,23
Adam Dzwigala,D C* DM,23
Adi Mehremic,D LC* M L,27
Afonso Figueiredo,D/WB L,26
André Duarte,GK,19
Andrej Simunec,D C,24
Andrés Cabrera,DM,24
Ángel Gomes,AM RL,18
Bernardo Prego,D/WB/AM R,19
Bruninho,D/WB L* AM C,25
Bruno Jesus,D C,22
Bruno Lourenço,M C,21
Bruno Morais,D RC,21
Claudio Falcão,D C* DM,24
Cláudio Tavares,D/WB R* AM RL,22
Dimitar Sheytanov,GK,20
Diogo Batista,DM,19
Diogo Marques,M C,18
Diogo Santos,M C,21
Eric Veiga,DM,22
Estrela,DM,23
Fábio Szymonek,GK,29
Fernando Castro,M C,18
Hélder Baldé,D C,20
Hugo Oliveira,D/WB RL,17
Ivanilson,D L,20
Jaílson,D/WB R,28
Jian Tianci,M C,20
Jimmy Tchaoulé,DM,21
João Batista,D C,21
Jonathan Buatu,D C* DM,25
José Varela,AM RL,21
Kelvin Boateng,ST,19
Kevin Yamga,D R* AM RL,22
Lassana Mané,D C* DM,19
Leandrinho,DM,19
Luiz Fernando,DM,25
Manuel Baldé,GK,16
Manuel Lopes,GK,18
Marius Mouandilmadji,ST,21
Mato Milos,D/WB RL,26
Mehrdad Mohammadi,AM RL* ST,25
Mohamed Touré,AM RL,22
Oumar Diakhite,D C,25
Pedro Delgado,AM RC,22
Pedro Soares,ST,20
Peu,AM RL,26
Qiu Xiaofu,D C,20
Quentin Beunardeau,GK,25
Raphael Aflalo,GK,22
Reko Silva,DM* AM C,20
Ricardo Mangas,D/WB L,21
Rúben Macedo,AM RL,23
Rúben Oliveira,DM,24
Rúben Pina,AM RL,19
Rui Neves,GK,21
Welinton Júnior,AM RLC* F C,26
Zidane Banjaqui,AM LC,20
Álex Centelles,D/WB L,19
Anderson,ST,21
André Mendes,D/WB R,17
André Ricardo,AM RC,18
André Silva,AM C,19
Armando Lopes,D L,20
Brian Cipenga,AM RL,21
Chicão,D C* DM,18
Cláudio Silva,D C,19
Clayton,D C,19
Dário Caetano,GK,17
Defendi,GK,36
Diogo Gonçalves,AM RLC,22
Eecion Manuel,AM RL,18
Fábio Martins,AM RL,25
Fernando Silva,D C,17
Fodé Konaté,D R,18
Francis Boateng,D L,19
Gabi,GK,22
Gabriel Xavier,D C,18
Guga,DM,21
Gustavo Assunção,DM,19
Hassan Alaa Aldeen,AM RLC,19
Ibrahim Cissé,D C,20
Ivan Lozic,M C,18
Ivo Pinto,D/WB R,29
João Caiado,M C,20
João Castro,AM C,18
João Neto,AM C,16
João Sidónio,D C,20
João Silva,GK,19
João Tiago,ST,20
Jorge Ferreira,AM/F C,17
Jorge Pereira,DM,21
Lawrence Ofori,AM C,21
Leandro Campos,ST,19
Lionn,D R,30
Luan,AM RL,18
Lúcio Júnior,GK,18
Luka Oliveira,AM RLC,21
Madu,AM R* ST,16
Malam Camará,DM,19
Matheus Clemente,M C,21
Nehuén Pérez,D C,19
Nicolás Schiappacasse,AM RLC* F C,20
Patrick William,D C,22
Paulo Bessa,AM/F C,19
Paulo Victor,M C,18
Pedro Goncalves,AM C,21
Pedro Nuno,D C,19
Racine Coly,D/WB L,23
Raí Pinto,D/WB R,18
Ricardo Sousa,DM,18
Riccieli,D C,20
Roderick Miranda,D C,28
Rodrigo Coutinho,D C* DM,19
Rodrigo Domingues,D L,18
Rogério Varela,AM RL,18
Rúben Costa,D C* DM,18
Rubén Del Campo,ST,19
Rúben Lameiras,AM RC,24
Rui Ferreira,D/WB L,17
Ryan Teague,DM,17
Tiago Dias,AM RL,21
Tiago Gonçalves,DM,18
Tomás Fernandes,AM RL,18
Toni Martínez,ST,22
Uros Racic,M C,21
Vaná,GK,28
Walterson,AM RL,24
Agustín Marchesín,GK,31
Alex Telles,D/WB/M L,26
Bernardo Folha,AM C,17
Chancel Mbemba,D RLC,24
Danilo Pereira,DM,27
Danilo Veiga,D C* DM,16
David Vieira,DM,16
David Vinhas,D C,16
Diogo Abreu,AM C,16
Diogo Costa,GK,19
Diogo Leite,D C,20
Diogo Lopes,GK,17
Diogo Ribeiro,D R,16
Duarte Moreira,ST,17
Ebuka,M C,18
Emmanuel Maviram,D L,18
Emmanuel Sani,D/WB L,18
Fábio Silva,ST,16
Fernando Almeida,D R* M C,16
Formose Mendy,D RC,18
Francisco Conceição,AM RL,16
Francisco Ribeiro,M C,16
Gonçalo Machado,GK,16
Iker Casillas,GK,38
Iván Marcano,D LC,32
Jesús Corona,D/WB R* AM RL,26
João Barros,D L,16
João Magalhães,AM RL,16
João Pinto,AM R* ST,16
João Sérgio,D R,16
Johan Gómez,ST,17
Kristian Dobrev,AM RL* ST,18
Leandro Dias,D/WB L,16
Levi Faustino,D C,17
Lucas Gomes,ST,16
Luis Díaz,AM LC,22
Luís Estefano,GK,16
Mamadou Loum,DM,22
Manuel Mané,DM,17
Mateus Uribe,WB R* DM,28
Mauro Ribeiro,AM RL,16
Moussa Marega,AM R* ST,28
Nélsio Correia,AM RL,16
Nuno Ferrás,ST,17
Otávio,AM RLC,24
Pedro Alves,D C,17
Pedro Vieira,ST,17
Pepe,D C,36
Porfírio Gomes,M C,16
Rafael Dias,D C,15
Rafael Pereira,M C,18
Ricardo Rei,AM RC,16
Rodrigo Auzmendi,ST,18
Romário Baró,M C,19
Rúben Amaral,D/WB L,17
Rúben Cardoso,D C,16
Rúben Ferreira,AM RL,16
Seco Sani,AM L,18
Sérgio Oliveira,DM,27
Shoya Nakajima,AM RLC,24
Soares,ST,28
Tiago Antunes,D C* DM,16
Tiago Carvalho,D C* DM,16
Tiago Estêvão,GK,17
Tiago Gonçalves,GK,16
Tiago Matos,D C,18
Tomás Costa,D/WB/AM L,16
Tomás Rosete,D C* DM,17
Vasco Sousa,AM C,16
Vincent Aboubakar,ST,27
Wilson Manafá,D/WB RL* AM R,24
Zé Luís,ST,28
Ahmed Isaiah,AM RLC,23
Alex Pinto,D R,20
Arthur Henrique,D/WB L,25
Bozhidar Kraev,AM RLC* F C,22
Brian Araújo,GK,19
Bruno,GK,25
Carlos Gomes,D/WB R,18
Claude Gonçalves,DM,25
Dênis,GK,32
Edwin Banguera,D L,22
Fábio Costa,AM R* ST,17
Fernando Fonseca,D/WB R,22
Filipe Sissé,AM RLC,18
Henrique Gomes,D/WB L,23
Hugo Vieira,AM R* ST,30
João Abreu,GK,18
João Afonso,DM,24
João Costa,AM C,18
Lourency,AM RL,22
Nogueira,D C,24
Rodrigão,D C,23
Rúben Fernandes,D LC,33
Rúben Ribeiro,AM RLC,31
Samuel Lino,AM RL,19
Sandro Lima,AM L* ST,28
Sergio Englaro,GK,17
Soares,DM,30
Tiago Soares,D C,16
Ussumane Mendonça,AM RL,17
Vitor Carvalho,DM,22
Wellington,GK,24
Yves Baraye,AM LC,27
Zakaria Naïdji,ST,24
Abdu Conté,D LC,21
Alex Soares,M RC,28
André Costa,GK,17
Anthony D'Alberto,D/WB RL,24
Bilel Aouacheria,AM RL,25
David Texeira,ST,28
Djavan,D/WB L,31
Eduardo Ferreira,ST,17
Fábio Abreu,AM L* ST,26
Fábio Pacheco,DM,31
Filipe Soares,AM C,20
Gabrielzinho,AM RL,23
Gonçalo Ferreira,D C,17
Iago,D C,27
Ibrahima Camará,DM,20
João Aurélio,D/WB R* AM RC,30
Lazar Rosic,D C,26
Leandro Marques,DM,18
Luís Machado,AM RL,26
Luiz Henrique,AM C,22
Luther Singh,AM RLC* F C,21
Marcelo Ferreira,AM L,18
Mateus Pasinato,GK,25
Nenê,ST,35
Nuno Macedo,GK,20
Nuno Santos,AM RLC,20
Patricio Rodríguez,AM RL,29
Pedro Nuno,AM RLC* F C,24
Pedro Trigueira,GK,31
Rafik Halliche,D C,32
Rui Miguel,AM C,18
Sori Mané,D C* DM,23
Steven Vitória,D C,32
Adriano Castanheira,AM RL,26
Andre Micael,D C,30
Bruno Santos,D/WB R,26
Bruno Teles,D/WB L,33
Denílson,AM L* ST,23
Douglas Tanque,ST,25
Guilherme Couto,D C,16
Hélder Ferreira,AM RL,22
Jeimes,GK,18
João Amaral,AM RLC* F C,27
João Nóbrega,DM,17
Jorge Silva,D/WB R,23
José Oliveira,GK,17
Luís Ferreira,D C,18
Luiz Carlos,M C,33
Maracás,D C,25
Marcelo,D C,29
Marco,GK,24
Marco Baixinho,D C,29
Matchoi Djaló,M C,16
Mohamed Diaby,DM,22
Murilo,AM RL,23
Oleg Reabciuk,D/AM L,21
Pedrinho,AM C,26
Ricardo Ribeiro,GK,29
Simão Bertelli,GK,25
Stephen Eustáquio,DM,22
Tiago Rodrigues,AM C,18
Uilton,AM RL,26
Vasco Rocha,AM C,30
Welthon,AM R* ST,27
Anderson Oliveira,AM LC,20
Aylton Boa Morte,AM RL,25
Beto,AM R* ST,21
Bruno Costa,AM RLC,22
Bruno Reis,DM* AM C,19
Bruno Tabata,AM RLC,22
Carlos Bagé,M C,17
Casagrande,D C,20
Chico,ST,20
Chidera Ezeh,AM RC* F C,21
Dener,AM C,27
Diogo Rodrigues,D/WB/AM R,19
Emmanuel Hackman,D/WB RL,24
Evans Mensah,AM RL,21
Éverson,D C* DM,21
Fali Candé,D/WB L* AM RL,21
Felipe Dini,AM C,19
Felipe Vieira,D/WB L,20
Fernando Medeiros,D C* DM* AM C,23
Gabriel do Carmo,ST,18
Gustavo,D C,21
Gustavo Costa,AM C,24
Henrique Gelain,D/WB L,24
Hiroki Sugajima,ST,24
Iago Oliveira,DM,19
Jackson Martínez,ST,32
Jadson,D C,27
Jonatas Carioca,AM RLC,20
Jorge Vilela,D C* DM,23
Júnior Tavares,D/WB L,22
Kôki Anzai,D/WB RL,24
Lucas Fernandes,AM RLC,21
Lucas Possignolo,D C,25
Luquinha,AM C,18
Marlos Moreno,AM RLC* F C,22
Matheus Guedes,D C,19
Mohanad Ali,ST,19
Nedeljko Stojisic,GK,21
Paulo Estrela,DM,20
Pedro Sá,DM,25
Ricardo Ferreira,GK,29
Ricardo Vaz Tê,AM RL* ST,32
Rodrigo Cordeiro,M C,18
Rodrigo Freitas,D C,21
Rômulo,DM,23
Rui Santos,AM/F C,17
Ryonosuke Ohori,AM RLC,18
Samuel Portugal,GK,25
Sérgio Neto,AM RL* ST,19
Sérgio Santos,AM RL,20
Shiryu Fujiwara,AM C,18
Shûichi Gonda,GK,30
Takuma Nishimura,ST,22
Thiago Moraes,AM RLC,21
Vasco Teixeira,D C,20
Vinícius Bala,AM RL* ST,21
Willyan Rocha,D C,24
Aderllan Santos,D C,30
Ali Al Musrati,DM,23
Baggio,D C,20
Bruninho,AM RL,21
Bruno Moreira,ST,31
Carlos Alves,GK,21
Carlos Mané,AM RLC,25
Chico,ST,19
Costinha,D/WB R,19
Daniel,DM,21
Diego Lopes,AM RLC,25
Diogo Bianchi,D C,22
Diogo Figueiras,D/WB RL* M R,28
Diogo Figueiredo,GK,18
Diogo Teixeira,DM* AM RC,20
Eliseu Nadjack,D/WB R,25
Fábio Ronaldo,AM RL,18
Filipe Almeida,D C,21
Filipe Augusto,DM,25
Gabi,D/WB RL,19
Gélson Dala,AM LC* F C,22
Gonçalo Torres,M C,19
Guilherme Eller,DM,20
Hugo Pinho,M C,19
Jaiminho,AM RL,21
João Gonçalo,GK,19
João Pedro,D RL,20
Junio Rocha,D/WB R,22
Leandro Alves,AM RLC,20
Lucas Piazón,AM RLC,25
Luís Carlos,D C,18
Luís Pedro,DM,17
Manuel Namora,ST,21
Matheus Reis,D/WB L,24
Mehdi Taremi,AM L* ST,26
Messias,D C,24
Nélson Monte,D RC,23
Nikola Jambor,DM* AM C,23
Nuno Barbosa,AM L* ST,18
Nuno Namora,D L,21
Nuno Santos,AM RL,24
Nuno Silva,M C,20
Paulo Vitor,GK,30
Pawel Kieszek,GK,35
Pedro Amaral,D/WB L,21
Pedro Graça,M C,20
Ricardo Schutte,AM RC* F C,21
Rodrigo Guedes,DM,18
Rúben Gonçalves,AM C,20
Tarantini,DM,35
Toni Borevkovic,D RC,22
Vító,DM* AM C,21
Vitor Luiz,GK,23
Xavi,GK,18
Anderson Carvalho,DM* AM LC,29
André Ferreira,GK,23
Carlos Jr.,AM RL,23
César,D C,26
Costinha,AM RLC,26
Crysan,AM LC* F C,22
Diogo Salomao,AM RL,30
Fábio Cardoso,D C,25
Francisco Ramos,M C,24
Guilherme Schettine,ST,23
João Afonso,D C,29
João Lucas,D/WB L,23
Lincoln,AM LC,20
Mamadu Candé,D/WB L,28
Marco,GK,32
Néné,D L* M C,24
Osama Rashid,DM* AM C,27
Pierre Sagna,D/WB R,28
Rafael Ramos,D/WB RL,24
Rodolfo Cardoso,GK,21
Thiago Santana,ST,26
Ukra,AM RL,31
Zaidu Sanusi,D L,22
Zé Manuel,AM RL* ST,28
Adel Taarabt,AM C,30
Adrian Bajrami,D C,17
Aleksandar Isailovic,ST,17
Álex Grimaldo,D/WB/M L,23
Alexandre Penetra,D C,17
André Almeida,D RL* DM,28
Andreas Samaris,DM,30
Andrija Zivkovic,AM RLC,22
Bernardo Silva,DM,18
Carlos dos Santos,GK,18
Carlos Vinicius,ST,24
Chiquinho,AM C,23
Dário Miranda,D/WB RL,16
David Barrero,AM/F C,19
Diego Batista,M C,19
Diogo Almeida,AM R* ST,18
Diogo Capitão,D C* DM,19
Diogo Nascimento,AM C,16
Duk,AM R* ST,19
Dyego Sousa,ST,29
Dylan Silva,GK,20
Fabinho,D/WB R,18
Ferro,D C,22
Filipe Cruz,D/WB/AM R,17
Florentino Luís,DM,19
Francisco Domingues,AM L,17
Francisco Saldanha,D C* DM,18
Franco Cervi,AM L,25
Gabriel,DM,25
Gabriel Araújo,D RC,17
Gerson Sousa,AM RL,17
Gonçalo Loureiro,D C,18
Gonçalo Negrão,D R,16
Guilherme Fernandes,GK,18
Gustavo Mendonça,DM,16
Haris Seferovic,ST,27
Henrique Araújo,ST,17
Henrique Jocú,DM,17
Henrique Pereira,AM RL,17
Ivan Zlobin,GK,22
Jair Tavares,AM RL,18
Jardel,D C,33
Jeremy Sarmiento,AM RL,17
João Borges,ST,19
João Resende,ST,16
João Tomé,AM RLC,16
Jorginho,D/WB/AM L,21
José Müller,D C,16
Jota,AM RLC* F C,20
Julian Weigl,DM,23
Kevin Csoboth,AM RL,19
Leo Kokubo,GK,18
Luís Pinheiro,D/WB R,19
Luís Semedo,ST,15
Manuel Campos,ST,16
Martim Neto,M RC,16
Matheus Palmério,DM,17
Miguel Montenegro,DM,18
Miguel Nóbrega,D C* DM,19
Miguel Pinto,AM RL,15
Mile Svilar,GK,19
Morato,D C* DM,18
Nuno Tavares,D/WB RL* AM L,19
Odysseas Vlachodimos,GK,25
Paulo Bernardo,AM C,17
Pedro Ganchas,D LC,19
Pedro Santos,AM LC,16
Pedro Souza,GK,17
Pizzi,AM RLC,29
Rafa,AM RLC,26
Rafael Afonso,D C* DM,16
Rafael Rodrigues,D/WB/M L,17
Rajmund Molnár,ST,16
Renato Matos,D R,17
Ricardo Ribeiro,GK,16
Rodrigo Pereira,AM RL,16
Ronaldo Camará,AM C,16
Rúben Dias,D C,22
Samuel Soares,GK,17
Sandro Cruz,D/WB L,18
Sérgio Andrade,AM RLC,18
Tiago Araújo,D L* AM RL,18
Tiago Gouveia,AM RL,18
Tiago Macedo,ST,20
Tomás Araújo,D C,17
Tomás Azevedo,DM,18
Tomás Domingos,D R,20
Tomás Martinho,GK,16
Tomás Tavares,D/WB R,18
Tyronne Ebuehi,D/WB RL* M R,23
Vasco Paciência,ST,19
Vilius Armalas,D C,18
Zan Jevsenak,DM,16
Abel Ruiz,AM RL* ST,19
Álvaro Djálo,ST,19
André Ferreira,D R,16
André Horta,AM LC,22
Bernardo Couto,DM,16
Bernas,D/WB R,18
Bruno Carvalho,GK,18
Bruno Pelegrini,ST,19
Bruno Viana,D C,24
Bruno Wilson,D C,22
David Veiga,DM,19
Diogo Viana,D/WB/AM R,29
Eduardo,GK,36
Eduardo Ribeiro,ST,18
Eynel Soares,AM RL,19
Fábio Baldé,D C,19
Felipe Borges,AM RL,18
Francisco Ferreira,D/WB R,20
Francisco Trincão,AM RL,19
Fransérgio,DM* AM C,28
Galeno,AM RL,21
Genino Palace,DM,20
Guilherme Soares,D C,18
Hernâni Infande,AM RL,18
Jailson,DM,19
Jason Noslin,D C,19
Jean-Baptiste Gorby,DM,16
João Novais,AM C,25
João Palhinha,D C* DM,23
João Santos,D C* DM,16
Kaito Anzai,M C,21
Leandro Sanca,AM RL,19
Leonardo Buta,D/WB/AM L,17
Ludovico Formentini,ST,18
Lukas Hornicek,GK,16
Martim Duarte,GK,16
Matheus,GK,26
Miguel Vilela,D/WB L,19
Nuno Cunha,DM,18
Nuno Santos,D C,18
Nuno Sequeira,D/WB L,28
Paulinho,AM RL* ST,26
Pedro Costa,GK,18
Pedro Martins,D/WB/AM L,17
Pedro Santos,AM RL,18
Raúl Silva,D C,29
Renato,AM RL,19
Ricardo Esgaio,D/WB RL* AM R,26
Ricardo Horta,AM RL,24
Ricardo Velho,GK,20
Rodrigo Gomes,AM R,15
Rolando,D C,33
Rui Fonte,AM/F C,29
Rui Ribeiro,GK,19
Samú,DM* AM C,18
Tiago Sá,GK,24
Tormena,D RC,23
Vasco Moreira,DM,18
Vitor Gabriel,ST,19
Vítor Oliveira,ST,19
Wallace,D C,24
Willian Santos,D R* AM RL,19
Wilson Eduardo,AM RL* ST,28
Yan Said,AM RL* ST,16
Zé Pedro,D C,22
Adriano Almeida,D L,16
Andraz Sporar,ST,25
André Gonçalves,AM RL,16
Anthony Walker,GK,18
Babacar Fati,D/AM L,19
Bernardo Sousa,AM C,19
Bruno Fernandes,AM RL* ST,22
Bruno Paulista,DM,23
Bruno Paz,DM,21
Bruno Santos,ST,18
Bruno Tavares,AM RL,17
Carlos Silva,D C,18
Chico Lamba,D C* DM,16
Cristián Borja,D/WB L,26
Daniel Rodrigues,DM,17
Dimitar Mitrovski,AM LC,20
Diogo Almeida,GK,17
Diogo Brás,AM RL,19
Diogo Cabral,AM C,16
Diogo Martins,GK,17
Diogo Ramos,D C,16
Diogo Sousa,GK,20
Echedey Carpintier,D/WB/AM L,19
Edson Silva,AM RL,18
Eduardo Barbosa,DM,16
Eduardo Henrique,DM,24
Eduardo Quaresma,D C,17
Emanuel Fernandes,D LC,16
Flávio Nazinho,D/AM L,15
Francisco Canário,AM L* ST,15
Francisco Geraldes,AM C,24
Geny,AM LC,18
Gonçalo Batalha,AM C,17
Gonçalo Costa,D/WB L,19
Gonçalo Ferreira,M C,17
Gonçalo Inácio,D C,17
Gonçalo Vieira,D C,21
Gonzalo Plata,AM RLC* F C,18
Hevertton,D/WB RL,18
Hugo Cunha,GK,17
Idrissa Doumbia,DM,21
Jérémy Mathieu,D LC,35
Jesé,AM RLC* F C,26
João Carvalho,D C,16
João Daniel Santos,DM,17
João Goulart,D C,19
João Oliveira,D R,20
João Ricciulli,D C,19
João Silva,D C,20
Joelson Fernandes,AM RL,16
Jovane Cabral,AM RL,21
Loide Augusto,AM RL,19
Lucas Dias,AM RC,16
Luciano Vietto,AM RLC* F C,25
Luís Maximiano,GK,20
Luís Neto,D C,31
Luiz Phellype,ST,25
Marcos Acuña,D/WB/AM L,27
Matheus Nunes,AM RC,20
Mattheus Oliveira,AM LC,24
Miguel Luís,M C,20
Miguel Menino,AM RL,16
Nélson Pereira,ST,16
Nicolai Skoglund,ST,16
Nuno Mendes,D/WB L,17
Nuno Moreira,AM RC,20
Patrick Leal,M C,16
Paulo Agostinho,ST,16
Pedro Mendes,ST,19
Rafael Alcobia,D C,16
Rafael Camacho,WB R* AM RLC,19
Rafael Fernandes,D C,17
Rafael Lopes,D/WB R,16
Renan Ribeiro,GK,29
Renato Veiga,M C,15
Rodrigo Battaglia,DM,27
Rodrigo Fernandes,DM,18
Rodrigo Marquês,AM RL,16
Rodrigo Piloto,ST,18
Rodrigo Rêgo,D LC,17
Rui Reis,ST,18
Samuel Lobato,AM C,17
Sebastián Coates,D C,28
Stefan Ristovski,D/WB R,27
Tiago Ferreira,AM C,17
Tiago Ilori,D RC,26
Tiago Rodrigues,ST,19
Tiago Santos,AM RL,16
Tiago Tomás,ST,17
Tomás Silva,AM C,19
Tristan Hammond,AM RL,16
Valentin Rosier,D RL,22
Vasco Gaspar,GK,16
Wendel,DM,21
Yannick Bolasie,AM RL* ST,30
Afonso Simão,D C* DM,18
André Quendera,ST,18
António Xavier,AM RLC,26
Babacar Niasse,GK,22
Bruno Santos,ST,16
Cláudio Ramos,GK,27
Diogo Silva,GK,26
Edgar Pereira,AM RL,18
Fahd Moufi,D/WB R,23
Filipe Ferreira,D/AM L,28
Jhon Murillo,AM RL* ST,23
João Gonçalves,D C* DM,19
João Jaquité,DM,23
João Pedro,DM,26
João Reis,D/WB/AM L,27
Jonathan Toro,AM RLC* F C,22
José Gata,M C,18
Madiu Djaló,D/AM L,17
Marko Petkovic,D/WB R,26
Pedro Augusto,DM,22
Pepelu,DM,20
Philipe Sampaio,D C,24
Pité,D L* AM RLC,24
Rafael Cláudio,GK,18
Ricardo Alves,D C,28
Ricardo Cardoso,D/WB/AM R,17
Ricardo Valente,AM RL* ST,28
Richard,AM RLC* F C,19
Ronan,ST,24
Rúben Fonseca,ST,19
Telmo Arcanjo,M LC,18
Tiago Almeida,D/WB R* AM RL,17
Tiago Nunes,M C,17
Tomislav Strkalj,AM RL* ST,22
Yohan Tavares,D C,31
Abou Ouattara,AM RL* ST,19
Afonso Freitas,D/WB L,19
Afonso Soares,DM,16
Alexandre Sala,AM RLC,21
André Almeida,AM C,19
André André,M C,29
Apolo Silva,DM,20
Berke Önde,ST,19
Blati Touré,DM* M RC,24
Bruno Duarte,AM R* ST,23
Bruno Pereira,GK,18
Bruno Rafael,D C,19
Daniel Martins,D/WB L,18
Davidson,AM RL,28
Denis-Will Poha,DM,22
Diogo Cardoso,ST,17
Diogo Paulo,DM,17
Douglas,GK,36
Easah Suliman,D RC,21
Elias Abouchabaka,AM RLC,19
Emir Tonbul,DM,18
Falaye Sacko,D/WB R,24
Fernando Marques,D/WB L,19
Florent Hanin,D/WB L,29
Frederico Venâncio,D C,26
Gabi,DM,19
Generoso Correia,AM RL,20
Gonçalo Gomes,ST,18
Guilherme Guedes,M C,17
Gustavo Furtado,AM RL,18
Habib Sylla,D/WB R,20
Hélder Sá,D L,16
Henrique Martins,M C,17
Hugo Nunes,AM RL* ST,18
Jason Bahamboula,AM R,18
Jhonatan,GK,28
João Carlos Teixeira,AM LC,26
João Mendes,D L,19
João Pedro,AM L* ST,22
João Santos,ST,20
João Silva,D/WB/AM R,18
José Amorim,D R,20
Joseph Amoah,DM,25
Léo Bonatini,ST,25
Lucas Evangelista,DM* AM C,24
Lucas Soares,D/WB R,21
Marcus Edwards,AM RLC,20
Mascarenhas,D/WB L,20
Miguel Pereira,M C,18
Miguel Silva,GK,24
Mikel Agu,DM,26
Nuca,D C,20
Nuno Sualehe,DM,19
Ola John,AM RL,27
Pedro Henrique,D C,26
Pedro Rosas,D C,18
Pedro Silva,AM C,17
Pêpê,DM,22
Rafael Gomes,GK,19
Rochinha,AM RLC,24
Rúben Marques,ST,16
Rúben Moura,D/WB/AM L,19
Suan Besic,GK,21
Théo Fonseca,ST,19
Tiago Leite,AM RL,18
Valeriy Bondarenko,D C,25
Víctor García,D/WB/M R,25
Victor Guedes,M C,18
Wakaso,DM,27
Alex Freitas,AM RL,27
Amânsio Canhembe,AM/F C,21
André Nunes,D C* DM,18
André Pedrosa,DM,22
André Sousa,D/WB L,21
António Rainieri,M C,21
Artur Jorge,D C,24
Baba Fernandes,D C,19
Brian Mansilla,AM L* ST,22
Brian Miguel,AM RC* F C,20
Bruno Almeida,D C,18
Bruno Langa,D/WB/M L,21
Bruno Pirri,D C,26
Bruno Ventura,M C,18
Carlinhos,AM C,25
Danilo Luís,ST,16
Diogo Lobo,M C,20
Diogo Santos,GK,17
Dion Stergiotis,M C,22
Éber Bessa,DM,27
Frédéric Mendy,AM RL* ST,30
Giorgi Makaridze,GK,29
Gustavo Schneider,ST,19
Hélder Guedes,AM L* ST,32
Henrique Abrantes,D C,16
Hildeberto Pereira,D/WB R* AM RL,23
Hugo Neves,AM RL,16
Hugo Neves,AM RL,16
Ibrahima Sory,DM,21
João Canadas,DM,20
João Marouca,AM R* ST,19
João Meira,D C* DM,32
João Serrão,D C,19
João Tomaz,DM,19
João Valido,GK,19
José Galante,D R,17
José Semedo,D C* DM,34
Josué Duverger,GK,19
Jubal,D C,25
Kamo-Kamo,AM L,19
Khalid Hachadi,ST,21
Kwenzokuhle Shinga,D/WB/AM L,19
Leandrinho,DM,25
Leandro Vilela,DM,24
Leonardo Chão,AM RL,19
Lucas Paes,GK,21
Luís Cortez,AM C,25
Mano,D/WB RL,32
Marcos Raposo,D C* DM,19
Miguel Bustos,M C,18
Miguel Martins,GK,22
Mílton Raphael,GK,28
Mirko Antonucci,AM RLC,20
Nabil Ghilas,ST,29
Nuno Pinto,D/WB/M L,32
Nuno Valente,AM LC,27
Petterson Santos,GK,16
Ricardo Caeiro,D/AM L,18
Rodrigo Antunes,D C,21
Rodrigo Jorge,DM,17
Rodrigo Mathiola,AM/F C,21
Rúben Ribeiro,AM C,18
Rui Modesto,D/WB RL* AM R,19
Sílvio,D/WB RL,31
Sydney Sylla,AM RL,22
Tiago Castro,AM LC,23
Tiago Martins,M C,18
Tiago Nascimento,ST,19
Tòfol Montiel,AM RLC,19
Tomaso Lorenzi,GK,17
Victor Veloso,AM LC* F C,22
Zequinha,AM RLC* F C,32
