Adrián Vera,GK,18
Agustín Berthon,AM LC,18
Agustín Calvento,D L,18
Agustín Cejas,AM/F C,19
Agustín Colantonio,D C,18
Agustín Velasco,D L,18
Agustín Villalba,GK,18
Bautista Gende,ST,20
Bautista Nazutti,AM R,18
Brandon Vargas,AM L,19
Caín Fara,D RC* DM,25
Damián Galbán,D L,18
Elías Bacre,ST,15
Elías Torres,ST,17
Emanuel Iñíguez,D RC* DM,22
Emiliano Ferrer,GK,18
Emiliano Rodríguez,D C,18
Fabián Assmann,GK,33
Facundo Bertoglio,AM LC,29
Facundo Fernández,D C,19
Facundo Hojman,ST,16
Facundo Tobares,ST,19
Federico Andrada,AM/F C,25
Federico Gino,DM,26
Federico Maciá,D R,20
Fernando Asmar,D/WB R,19
Fernando Evangelista,D/M L,26
Francisco Grahl,AM/F C,27
Franco Pérez,AM LC,20
Gastón Gil Romero,DM,26
Gerónimo Monteros,D L,19
Gonzalo López Labraña,AM R,20
Gonzalo Verón,AM RL* ST,29
Hernán Zubillaga,AM L,17
Ignacio Artola,D C,21
Ignacio Sigismonti,M R,19
Jeremías Angeloni,M C,16
Jeremías Ramírez,D R,18
Jerónimo Flores,AM LC,20
Joaquín Indacoechea,AM R,18
Joel De Marco,M C,16
Jonatan Benedetti,ST,22
Jonathan Farías,AM RC,21
Jonathan Zárate,AM C,20
José Albornoz,AM L,17
José Izquierdo,ST,15
Juan Ignacio Hernández,D C,19
Juan Romero,D C,19
Karim Jurjo,AM R,19
Kevin De Nichilo,D/WB/M R,17
Lautaro Espíndola,AM C,18
Leandro Maciel,DM* M R,23
Leonardo Verdino,DM,19
Leonel Galeano,D C,27
Lucas Di Yorio,ST,22
Lucas Villalba,D/WB L,24
Luchino Giuntini,D C,20
Luciano Pocrnjic,GK,37
Luis Ingolotti,GK,19
Manuel Márquez,AM C,19
Manuel Panaro,AM R* ST,17
Marcos Miers,D LC,29
Mario López,D RC,23
Martín Santa Cruz,D C,19
Mateo Ponce,AM C,16
Mateo Rinaldi,D LC,19
Mateo Stutz,D L,18
Matías Leiva,D R,18
Matías Morello,M RC,18
Maximiliano Guerra,M C,17
Nahuel Yeri,D/WB R* M RC,27
Nazareno Solís,AM L* ST,25
Nehuén Huanchuli,M C,17
Nicolás Bazzana,D C,23
Nicolás Maltisotto,M C,19
Pablo Becker,AM RC* F C,26
Pablo Sánchez,M R,21
Quimey Mostafá,M R,18
Ramiro Garay,AM C,22
Rodrigo Contreras,ST,23
Rodrigo Garro,AM LC,18
Román Martínez,AM C,36
Santiago Aragón,GK,16
Santiago Laquidain,D C,17
Santiago Sayago,DM,19
Santiago Valdez,DM,18
Santiago Vallina,D R,19
Sebastián Rincón,AM RL* ST,25
Tobías Cervera,ST,16
Tomás Loscalzo,D/AM R,19
Tomás Ludueña,M R,19
Tomás Pérez Pinto,GK,19
Uriel Olivieri,AM RC,17
Uriel Ramírez Kloster,M C,19
Yoel Juárez,AM L* ST,17
Aaron Barquett,D/WB R,20
Aaron Reartes,AM RC,19
Agustín Aleo,D/M L,21
Agustín Palomeque,D LC,18
Agustín Passarino,ST,18
Bruno Guelfi,ST,17
Carlos Quintana,D C,31
Damián Batallini,AM RL,23
Dardo Torres,D LC,18
David Salazar,AM L,16
Diego Sosa,AM RL* ST,26
Edwar López,AM R* ST,24
Elías Gómez,D/WB L,25
Esteban Rueda,AM RL,23
Facundo Miño,D C,19
Fausto Montero,DM,30
Fausto Vera,DM,19
Federico Lanzillota,GK,26
Federico Redondo,DM,15
Francis Mac Allister,DM,23
Franco Benítez,AM RLC,16
Franco Ibarra,DM,18
Franco Moyano,DM,21
Franco Ramos,D/WB L,21
Franco Tolosa,D L,18
Gabriel Florentin,AM C,20
Gabriel Hauche,AM RLC* F C,32
Gastón Verón,ST,18
Iván Colman,AM C,24
Jonathan Domínguez,D C,21
Jonathan Sandoval,D/WB R,32
José Aguirre,M L,19
Juan Ignacio Inderkumer,DM,20
Juan Manuel Cabrera,D/WB R,19
Juan Román Pucheta,ST,16
Kevin Mac Allister,D/WB RL* M R,21
Lautaro Centurión,D C,18
Lautaro Ovando,ST,16
Leandro Finochietto,GK,22
Lucas Alegre,GK,16
Lucas Ambrogio,AM RLC,19
Lucas Chaves,GK,23
Lucio Carbone,D R,18
Manuel Cordeviola,AM/F C,20
Marco Di Cesare,M C,17
Marcos Angeleri,D RC,36
Mateo Coronel,ST,20
Matías Caruzzo,D C,34
Matías Galarza,AM RLC,16
Matías Romero,D/WB R* M RC,23
Matko Miljevic,AM LC,18
Maximiliano Centurión,D C,20
Miguel Acosta,GK,17
Miguel Ángel Torrén,D C,30
Nahuel Barboza,DM,19
Nahuel Barragán,ST,22
Nahuel Berón,ST,19
Nicolas Forastiero,GK,20
Nicolás Silva,AM RL,29
Nicolás Sumavil,GK,19
Pablo Minissale,D C,18
Pablo Sequeira,GK,20
Santiago Ledesma,DM,18
Santiago Silva,ST,38
Thiago Nuss,ST,18
Tomás Álvarez,AM RLC,20
Tomás Andrade,AM LC,22
Tomas Pérez Gancedo,AM L,19
Victorio Ramis,AM RL* ST,24
Adrián Parra,M C,18
Agustín Russo,D C,19
Alejandro Rivero,GK,21
Alejo Antilef,AM RLC,20
Alexis Salinas,D C,22
Bruno Báez,ST,19
Daniel Sappa,GK,24
Darío Barbera,GK,19
Diego Núñez,DM,29
Emiliano Méndez,DM,30
Emiliano Papa,D L,37
Emmanuel Alarcón,GK,17
Ezequiel Cérica,ST,32
Ezequiel Piovi,DM,26
Ezequiel Rescaldani,AM/F C,27
Fabio Pereyra,D C,29
Facundo Enríques,D/WB RL,19
Facundo Kruspzky,AM RL* ST,16
Facundo Vilanoba,D RC,19
Federico Cataldi,D/WB L,23
Fernando Torrent Giudi,D/WB/M R,27
Franco Aguirre,AM LC,19
Franco Sbuttoni,D LC,30
Gastón Álvarez Suárez,AM C,26
Gino Pasquali,ST,18
Gonzalo Gómez,AM R,21
Gonzalo Muscia,M C,19
Guillermo Oviedo,M C,18
Horacio Igarzábal,D C,19
Ian Aragón,DM,20
Jesús Soraire,M RC,30
Jhonatan Candia,ST,24
Joel Soñora,AM RC,22
Juan Castro,M R,20
Juan Godoy,D L,20
Juan Kaprof,AM/F C,24
Juan Manuel García,ST,26
Julio Sosa,D C,20
Lautaro Méndez,ST,19
Lautaro Parisi,AM R* ST,25
Leonardo Marchi,D/WB L,22
Leonel Picco,DM,20
Lucas Cubillas,D/WB L,20
Lucas Necul,AM RLC* F C,19
Mateo Carabajal,D C* DM,22
Matías Polizzi,D C,19
Maximiliano Gagliardo,GK,36
Nahuel Cáceres,AM/F C,20
Nicolás Giménez,AM RC,23
Nicolás Pereira,GK,19
Pablo Álvarez,D RLC,35
Patricio Luce,D/WB L,22
Ramiro Balbuena,AM R,19
Rubén Zamponi,D C,32
Tomás Magnano,AM L,19
Tomás Silva,AM C,18
Ulises Abreliano,D/WB R,21
Abel Bustos,M L,20
Agustín Lagos,D C,17
Alejandro Sánchez,GK,32
Andrés Gigena,AM C,18
Ariel Rojas,M LC,33
Augusto Lotti,AM R* ST,23
Braian Jiménez,AM R,19
Camilo Albornoz,D LC,18
Carlos Lapetina,DM,18
Cristian Erbes,DM* M RC,29
Cristian Lucchetti,GK,40
Daniel Ibáñez,GK,21
Dylan Gissi,D RC,28
Fabián Monzón,D/WB/M L,32
Facundo Robles,D/WB/M L,22
Federico Bravo,DM,25
Francisco Starecinchi,ST,17
Franco Pizzicanella,GK,23
Gabriel Risso Patrón,D/WB L,23
Guillermo Acosta,AM R,31
Guillermo Ortiz,D C,26
Gustavo Toledo,D/WB R,29
Hernán Rosales,AM C,20
Ignacio Maestro Puch,ST,15
Javier Toledo,ST,33
Jonás Romero,ST,18
José Luis Fernández,M L,31
Juan Tomicich,D C,19
Julio Herrera,GK,20
Kevin Isa Luna,AM L* ST,18
Leandro Díaz,ST,27
Leonardo Heredia,AM C,23
Lucas Melano,AM RL* ST,26
Luis Estrada,ST,18
Marcelo Ortiz,D C,25
Matías Alustiza,AM/F C,35
Matías Solohaga,ST,21
Mauricio Chaín,GK,17
Moisés Brandán,D/WB/M R,19
Nicolás Aguirre,AM LC,29
Nicolás Laméndola,AM R,20
Pablo González,AM R,22
Ramiro Carrera,AM RLC,25
Sergio González,D/WB R,20
Tobías Díaz,D C,18
Tomás Cuello,AM RL,19
Walter Juárez,D C,20
Yonathan Cabral,D C,27
Aaron Quiros,D LC,17
Agustín Fontana,ST,23
Agustín Mengua,GK,19
Agustín Urzi,AM RL,19
Alan Di Pippa,M C,19
Alejo Bonich,D L,19
Alexis Benítez,D L,20
Alexis Maldonado,D RC,21
Alexis Sosa,D C,19
Axel Ovejero,ST,17
Claudio Bravo,D/WB L,22
Daniel Osvaldo,ST,33
Dany Edjo'o,AM RL* ST,17
Emanuel Coronel,D/WB RL,22
Esteban Cardozo,D C,17
Esteban Conde,GK,36
Fabián Bordagaray,AM RL* ST,32
Facundo Altamirano,GK,23
Facundo Cambeses,GK,22
Facundo Sanguinetti,GK,18
Federico Torres,D RC,20
Feyisaitán Asagidgbi,AM RL,20
Franco Fajardo,D L,17
Franco Quinteros,D LC,20
Giuliano Galoppo,DM,20
Gregorio Tanco,D C,19
Ignacio González,AM L* ST,18
Ignacio Rodríguez,AM R,17
Iker Scotto,ST,17
Israel Damonte,DM,37
Iván Pereyra,DM,19
Jeremías Perales,ST,18
Jesús Dátolo,AM RLC,35
Jonás Gutiérrez,M RC,35
Jorge Rodríguez,D RC,23
Juan Álvarez,AM RL,23
Juan Cajal,GK,20
Juan Manuel Cruz,ST,19
Juan Mendoza,ST,20
Juan Rodríguez,D L,17
Julián Carranza,ST,19
Julián Eseiza,AM RL,17
Julián Vila,DM,18
Junior Arias,ST,26
Lautaro Olivera,D/WB R,19
Lautaro Ramírez,DM,19
Lautaro Rios,DM,18
Luca Bottaro,ST,18
Luciano Gómez,D/WB R* DM* M RC,23
Luciano Lollo,D C,32
Marcos Fredes,D C,18
Mariano Pieres,D C,19
Matías Arias,D L,18
Matías González,AM C,17
Matías Gutiérrez,AM R,18
Matías Moya,AM C,21
Mauricio Arboleda,GK,23
Mauro Guajardo,M LC,19
Michel Poon-Angeron,DM,18
Nery Leyes,DM,29
Nicolás Bertolo,AM RL,33
Nicolás Linares,DM,23
Nicolás Villagra,DM,17
Pablo Velázquez,ST,32
Ramiro Enrique,ST,18
Reinaldo Lenis,AM RL* ST,26
Renato Civelli,D C,35
Rodrigo Arciero,D/WB RL,26
Sebastián Benega,AM RL,20
Sebastián Dubarbier,D/WB/AM L,33
Sebastián Gallardo,DM,20
Tomás Assennato,AM R,20
Tomás Leuzzi,D RC,20
Tomás Meringer,AM RL,19
Aaron Molinas,AM RC,18
Agustín Almendra,M RC,19
Agustín Lastra,GK,18
Agustín Obando,AM RL,19
Agustín Sánchez,D L,18
Agustín Sández,D L,17
Agustín Stancato,DM* M RC,18
Alan Varela,AM/F C,18
Alan Vega,DM,17
Alexander Fernández,AM RL,18
Balthazar Bernardi,D L,17
Brandon Cortés,AM LC* F C,18
Carlos Izquierdoz,D C,30
Carlos Tevez,AM/F C,35
Carlos Zambrano,D C,29
Cristian Medina,AM RC,17
Damián Puebla,AM LC,16
Daniele De Rossi,DM,35
Eduardo Salvio,AM R,28
Emanuel Reynoso,AM LC,23
Emmanuel Mas,D/WB L,30
Enzo Galabert,AM RL* ST,18
Enzo Roldán,M RLC,18
Erik Bodencer,AM R* ST,19
Eros Mancuso,D RL,20
Esteban Andrada,GK,28
Exequiel Zeballos,AM RL* ST,17
Ezequiel Almirón,ST,17
Ezequiel Fernández,DM,16
Facundo Fernández,AM RLC,19
Federico Abadía,GK,21
Franco Soldano,ST,24
Frank Fabra,D/WB L,28
Gabriel Aranda,D C,17
Gastón Ávila,D C,17
Gastón Gerzel,AM L,19
Guido Vadalá,AM RLC* F C,22
Guillermo Fernández,DM* AM RLC,27
Israel Escalante,AM L* ST,20
Iván Alvariño,DM,18
Iván Baumwollspinner,DM,17
Iván Marcone,DM,29
Iván More,AM RLC,19
Jan Hurtado,ST,19
Javier Bustillos,GK,22
Jorman Campuzano,DM,23
Juan Baiardino,ST,19
Juan Pablo Cabaña,ST,17
Julián Carrasco,AM C,17
Julio Buffarini,D/WB/M R,30
Junior Alonso,D LC,26
Kevin Duarte,M C,17
Leonardo Jara,D/WB R* DM* M RC,28
Lionel Laborda,AM RC,20
Lisandro López,D C,29
Lisandro Mércuri,D R,17
Luca Langoni,AM RL,17
Lucas Arzamendia,D R,20
Lucas Brochero,AM RL,20
Lucas Serna Marín,DM,19
Luciano Giménez,ST,19
Luis Vázquez,ST,18
Manuel Roffo,GK,19
Marcelo Weigandt,D/WB R,19
Marco Cenci,D L,18
Marcos Díaz,GK,33
Mateo Gutiérrez,ST,18
Matías Olguín,D R,18
Matías Ramos Mingo,GK,18
Mauro Zárate,AM RLC* F C,32
Maximiliano Zalazar,AM R,17
Nahuel Esquivel,D L,17
Nahuel Molina Lucero,D/WB/M R,21
Nicolás Capaldo,DM* M RC,20
Nicolás Valentini,D LC,18
Noah Toribio,D L,20
Owen Blanco,AM L,16
Patricio Rigoni,GK,17
Pedro Velurtas,M C,17
Peter Grance,D/WB/M L,19
Ramiro García,GK,17
Ramón Ábila,ST,29
Renzo Giampaoli,D C,19
Ricardo Grance,D R,16
Rodrigo Sequeira,D C* DM,19
Santiago Monzón,D C,16
Santiago Núñez,DM* M RC,19
Sebastián Melgar,ST,17
Sebastián Pérez,DM,26
Sebastián Villa,AM RL,23
Thiago Toloza,D R,17
Tomás Díaz,AM LC,16
Tomás Lingua,GK,19
Vicente Taborda,AM RC* F C,17
Aaron Martínez,DM,17
Agustín Arcando,D C,17
Agustín Doffo,AM RLC,24
Agustín Ojeda,D/WB/M L,17
Alex Aranda,AM/F C,18
Alex Vigo,D/WB R,20
Andrés López Román,DM,20
Braian Galván,AM C,18
Brian Farioli,AM RC,21
Brian Fernández,ST,24
Bruno Bianchi,D C,30
Bruno Espíndola,D C,20
Christian Bernardi,AM RL,29
Conrado Buzzi,AM RL,19
Damián Schmidt,D C,26
Danilo Gómez,M C,17
Elías Fugas,D C,18
Eliseo Vázquez,AM/F C,17
Emanuel Olivera,D C,29
Eric Meza,D/WB L,20
Facundo Centurión,D C,19
Facundo Cima,DM,17
Facundo Farías,AM C,16
Facundo Garcés,D C,19
Facundo Masuero,GK,19
Facundo Taborda,AM C,19
Federico Lértora,DM,29
Fernando Zuqui,DM* M RC,27
Franco Flores,D C,17
Gabriel Esparza,AM RL,26
Gastón Díaz,D/WB/M R,31
Gonzalo Escobar,D/WB L,22
Guillermo Celis,DM,26
Guillermo Gonzálvez,ST,16
Ignacio Chicco,GK,23
Ignacio Rurak,AM C,20
Joaquín Aylagas,GK,23
Joaquín Enrico,GK,17
Joaquin Hass,GK,21
Juan Cruz Zurbriggen,ST,19
Juan Pablo Fleitas,M R,20
Lautaro Bolgiani,D C,15
Lautaro Laborie,AM RC,18
Lautaro Saravia,AM C,21
Lautaro Schischman,AM C,16
Leonardo Burián,GK,35
Leonel Cussit,AM RL,18
Lucas Ruffino,AM C,20
Lucas Viatri,ST,32
Luciano Cura,D/WB R,17
Luciano Pereyra,ST,16
Lucio Albetti,ST,20
Luis Antivero,D C,17
Luis Miguel Rodríguez,AM/F C,34
Marcelo Estigarribia,AM L,31
Marcelo Rosatti,AM R,16
Mateo Hernández,M RC,20
Matías Fritzler,DM,32
Matías Miguel,D C,21
Matías Moyano,ST,20
Mauro Da Luz,AM R* ST,24
Maximiliano Bruno,GK,16
Máximo Cook,GK,16
Natanael Troncoso,ST,18
Nicolás Johansen,ST,20
Pablo Fernández,GK,20
Rafael Delgado,D/WB L,29
Rafael García,D C* DM,30
Rodrigo Aliendro,M C,28
Román Barreto,D/WB L,19
Román Martini,ST,17
Santiago Pierotti,M RC,18
Sebastián Malimberni,AM/F C,20
Tomás Chancalay,AM LC,20
Tomás Moschion,DM,19
Tomás Ramírez,D C,16
Tomás Sandoval,ST,20
Uriel Báez,DM,20
Wilson Morelo,ST,32
Wilson Ruíz Díaz,AM LC,20
Abel Argañaraz,ST,20
Adrián Pavón,D C,21
Agustín Allione,AM RC,24
Axel Pinto,ST,18
Bladimir Jostic,D LC,20
Cristian Chávez,AM RL* ST,32
Cristian Díaz,D/WB/M R,30
Cristian Vega,DM,25
Dany Cure,AM R* ST,29
Diego Rodríguez,GK,30
Diego Vázquez,D C,23
Emanuel Cuevas,D/WB/M L,22
Emanuel Romero,DM,27
Enzo López,GK,22
Facundo Martínez,GK,18
Francisco Manenti,D C* DM,22
Franco Cristaldo,M RL,22
Gervasio Núñez,AM LC,31
Hugo Vera Oviedo,D RC,28
Ismael Quilez,D/WB R,30
Joao Rodríguez,AM RLC* F C,23
Jonatan Galván,D C* DM,29
Jonathan Bay,D/WB/M L,26
Jonathan Herrera,AM RL* ST,27
Juan Cruz Tapia,ST,18
Juan Galeano,DM* M RC,30
Juan Ignacio Barbieri,ST,22
Kevin Mergen,AM R,21
Leonel Caffaratti,GK,29
Leonel Ferroni,D/WB L,23
Lisandro Alzugaray,AM LC,29
Marcelo Meli,DM* M RC,27
Marcos Sánchez,D LC,29
Mateo Montenegro,M C,20
Matías Nani,D C,21
Matías Pato,AM/F C,26
Maximiliano Acuña,D RC,21
Maximiliano Cavallotti,GK,34
Nicolás Goitea,DM,22
Nicolás Miracco,AM/F C,28
Oscar Salomón,D C,20
Pablo Barraza,ST,18
Patricio Ellison,D L,19
Raúl Barros,AM R,22
Santiago Gallucci,DM,28
Santiago Riera,AM R,21
Adonis Frias,D C,21
Agustín Sienra,D LC,19
Aldo Maiz,DM,18
Braian Ojeda,M RC,19
Braulio Zanello,DM,18
Bruno Ocampo,D/WB/M L,17
Cristian Barrios,AM LC,21
David Escalante,M C,19
Elías Gutiérrez,ST,20
Enzo Ávalos,D RC,18
Enzo Candia,D R,18
Enzo Cides,AM C,20
Enzo Coacci,AM RL* ST,20
Eugenio Isnaldo,AM RLC,25
Ezequiel González,GK,20
Ezequiel Unsain,GK,24
Facundo Ramírez,D C,18
Fernando Márquez,AM/F C,31
Francisco Cerro,DM,31
Francisco Pizzini,AM L* ST,25
Gabriel Charra,D C,20
Gonzalo Piovi,D LC,24
Guido Mainero,AM RL,24
Héctor Martínez,D C,21
Ignacio Aliseda,AM RL,19
Jeremías Rodriguez,AM C,20
José González,AM L,20
Juan Lucero,ST,27
Juan Rodríguez,D C,25
Juan Villagra,AM RL* ST,19
Julián Ferreyra,D C,21
Julián Sperati,GK,20
Kevin Lencina,ST,18
Lautaro Quiroz,DM,20
Leandro Parada,D L,18
Leonardo Juárez,D L,19
Luca Franco,ST,16
Lucas Coyette,AM LC* F C,21
Lucas Erhardt,D RC,17
Lucio Chiappero,GK,25
Marcelo Benítez,D/WB L* M C,28
Matías Barrios,D R,19
Matías Laba,DM,27
Mauricio Duarte,D/WB L,27
Mauro Báez,ST,20
Maximiliano Luayza Koot,AM RC,17
Mirko Pagani,GK,17
Nahuel Gallardo,D L,21
Nelson Acevedo,DM,30
Neri Cardozo,AM LC,32
Néstor Breitenbruch,D RC,23
Nicolás Avellaneda,GK,26
Nicolás Barreto,ST,19
Nicolás Genés Rodas,DM* M RC,17
Nicolás Leguizamón,ST,24
Nicolás Tripichio,D/WB/M R,23
Osvaldo Gaona,M R,20
Pedro Durante,D RC,20
Pedro Ramirez,AM R,19
Raúl Loaiza,DM,25
Ricardo Ramírez,ST,20
Rodrigo Herrera,D C,18
Rubén Botta,AM/F C,29
Tomás Escalante,M R,19
Tomás Ortíz,AM RC,19
Valentín Larralde,M R,18
Valentín Lombardi,D C,19
Washington Camacho,AM L,33
Aaron Spetale,ST,19
Alexis Vega,ST,19
Andrés Ayala,DM,19
Ángel Acosta,M RC,19
Ángel González,AM R,25
Bautista Kociubinski,DM,18
Bruno Valdez,AM L,17
Darío Sarmiento,AM/F C,16
David Ayala,DM,16
Deian Verón,M C,18
Diego García,AM RC* F C,22
Emiliano González,GK,21
Enzo Kalinski,DM* M RC,32
Esteban Obregón,AM R,17
Ezequiel Naya,ST,18
Fabricio Iacovich,GK,17
Facundo Mura,D/WB/M R,20
Facundo Sánchez,D/WB R,29
Federico González,ST,32
Federico Tévez,D C,20
Franco Morelli,D L,19
Franco Rodríguez,DM,19
Franco Romero,AM C,18
Franco Sivetti,DM,21
Gaspar Di Pizio,ST,19
Gastón Benedetti,D L,18
Gastón Fernández,AM LC* F C,35
Gonzalo Desio,AM C,19
Gonzalo Piñeiro,M C,19
Ignacio Gariglio,D C,21
Iñaki Ludueña,GK,18
Iván Erquiaga,D L,20
Iván Gómez,DM,22
Javier Mascherano,D C* DM,35
Jerónimo Pourtau,GK,19
Jonathan Schunke,D C,32
Jorge Tapia,D R,18
Juan Díaz,D LC,21
Juan Fuentes,D C* DM,24
Juan Pablo Zozaya,GK,17
Lautaro Ruiz Martínez,ST,20
Leonardo Herrlein,M L,20
Leonel Aquino,D L,20
Lucas Rodríguez,AM LC,22
Luciano Squadrone,D C,19
Marcos Rojo,D LC,29
Mariano Andújar,GK,35
Martín Cauteruccio,AM L* ST,32
Mateo Burdisso,D C,17
Mateo Retegui,ST,20
Matías Ahumada Acuña,AM R* ST,21
Matías Pellegrini,AM RL,19
Mauricio Guzmán,D C,19
Mauricio Rosales,D/WB RL,27
Mauro Díaz,AM C,28
Nahuel Estévez,AM RC,23
Nazareno Colombo,D RC,20
Nicolás Palavecino,M C,16
Ramón Villalba,ST,19
Santiago Flores,D C,18
Santiago Ricciardi,D R,19
Segundo Pachamé,DM,18
Tomás Cingolani,GK,19
Vinicius Lansade,AM C,19
Alan Lescano,AM LC,17
Alejo González,M C,20
Alejo Sosa,GK,20
Andrés Gutiérrez,AM C,19
Antonio Napolitano,AM C,20
Arian Girodano,D C,18
Axel Horrocks,GK,19
Axel Perez,D R,18
Bautista Barros Schelotto,D/WB R,19
Brahian Alemán,AM LC,29
Bruno Palazzo,D C,18
Claudio Spinelli,ST,22
Diego Mastrángelo,D C,16
Elías Ramírez,AM R* ST,20
Eric Ramírez,AM RL* ST,22
Estanislao Jara,AM LC,19
Fernando Martínez,D R,18
Francisco Cairo,AM RL,18
Francisco Vergara,GK,18
Franco Mussis,DM,27
Franco Torres,AM RL,20
Germán Guiffrey,D LC,21
Guillermo Enrique,AM R,19
Gustavo Areco,D C,19
Harrinson Mancilla,DM* M RC,27
Horacio Tijanovich,AM RL* ST,23
Ignacio Miramon,AM R,16
Isaias Alegre,AM RL,18
Ivo Mammini,ST,16
Jesús Vargas,AM RL,19
Jhonatan Agudelo,ST,26
Jorge Broun,GK,33
José Paradela,AM C,20
Juan Cataldi,AM C,20
Juan Cruz Prefacio,DM,20
Juan Felipe Cadena,D LC,18
Juan Ignacio Lavallén,D L,19
Kevin Vergara,GK,17
Lautaro Chávez,AM RL,18
Leandro Contín,ST,23
Leonardo Alvarengo,GK,17
Leonardo Morales,D RC,28
Lucas Barrios,ST,34
Lucas Licht,D/WB L,38
Lucas Miguez,D R,21
Manuel Guanini,D C,23
Martín Robaina,D C,20
Matías Bazzi,D LC,18
Matías García,AM LC,27
Matías Melluso,D L,21
Matías Miranda,AM C,19
Matías Pérez García,AM LC,34
Matías Toledo,DM,19
Maximiliano Caire,D RL,30
Maximiliano Comba,AM RL,25
Maximiliano Coronel,D C,30
Maximiliano Cuadra,AM RL* ST,24
Nahuel Manganelli,GK,18
Nelson Insfrán,GK,24
Néstor García Martinoli,D C,19
Paolo Goltz,D C,34
Patricio Monti,DM,21
Rodrigo Benítez Insfrán,DM,19
Rodrigo Gallo,D L,18
Rodrigo Ledesma,ST,19
Rodrigo Rodríguez,D R,16
Sebastián Cocimano,ST,19
Tomás Cataldi,M C,18
Tomás Durso,GK,20
Tomás Fernández,D C,20
Tomás Muro,AM RL* ST,17
Tomás Romero,AM RC,20
Valentín Jouglard,DM,18
Víctor Ayala,DM,31
Zago Zegarra,AM L,18
Agustín Álvarez,D C,19
Agustín Ferro,ST,19
Agustín Manzur,AM RC,18
Agustín Pereyra,D R,20
Bruno Leyes,M LC,17
Daniel Molina,AM R,19
Danilo Ortiz,D C,26
Emiliano Borgia,AM LC,19
Enzo Ybañez,D/WB L,20
Ezequiel Bullaude,M RC,18
Fabián Henríquez,M LC,24
Franco González,DM,20
Gabriel Alanís,AM L,25
Gabriel Carrasco,D/WB R* DM,22
Gastón Arturia,D C,19
Gianluca Albano,GK,20
Gianluca Conforti,D L,20
Gianluca Ferrari,D C,22
Gonzalo Abrego,M C,19
Ignacio Pipistrelli,ST,21
Ismael Cortez,D R,19
Iván Smith,M RC,19
Jaime Ayoví,ST,31
Joaquín Mateo,AM RL,21
Joaquín Varela,D C,22
Juan Andrada,DM,24
Juan Brunetta,AM LC,22
Juan Cruz Bolado,GK,21
Julián García,AM RL,19
Leandro Vella,AM RC,22
Luciano Pizarro,M C,21
Marcelo Freites,AM RL,21
Marcelo Herrera,D C,27
Marcos Rouzies,D LC,22
Mario Galeano,ST,18
Matías Soria,GK,17
Miguel Merentiel,AM R* ST,23
Nahuel Arena,D RC,21
Nahuel Brunet,D C,18
Nahuel Ulariaga,AM R* ST,17
Pablo Peña,D R,20
Pablo Toani,GK,18
Roberto Ramírez,GK,22
Rodrigo Rey,GK,28
Santiago García,ST,28
Sebastián Lomónaco,AM RC* F C,20
Tomás Badaloni,ST,19
Tomás Cardona,D C,23
Tomás Carrión,AM L,17
Valentin Burgoa,AM RC,18
Wilder Cartagena,DM,24
Zaid Romero,D C,19
Adrián Calello,DM,32
Agustín Casco,AM R,22
Agustín Curruhinca,AM R,19
Agustín Minnicelli,D C,19
Agustín Morales,GK,19
Andrés Chávez,AM L* ST,28
Anthony Silva,GK,35
Brian Maidana,AM R,19
Carlos Araujo,D/WB RL,37
César Ibáñez,D L,20
Ezequiel Navarro,D RC,17
Federico Marín,DM,21
Fernando Coniglio,ST,27
Fernando Cosciuc,D C* DM,21
Fernando Pellegrino,GK,33
Franco Romero,AM LC,21
Gianluca Scalcione,D C* DM,18
Gonzalo Bettini,D/WB/M R,27
Gustavo Rafasquino,D RC,21
Ignacio Rodríguez,M L,20
Iván Tierno,DM,19
Javier Mendoza,AM LC,26
Joaquín Arzura,DM,26
Joaquín Vignati,DM,18
Jonathan Barijho,ST,19
Jonathan Giménez,AM C,15
Jonathan Mendieta,D/M R,18
Juan Fernando Garro,ST,26
Juan Vieyra,AM R* ST,27
Kevin Denis,DM,19
Lautaro Calderón,AM RC,20
Leandro Figueredo,DM,16
Leandro Grimi,D LC,34
Leandro Romano,AM/F C,22
Lucas Merolla,D C,24
Lucas Valente,D R* DM,21
Marcos Benítez,M L,16
Mariano Bareiro,D C* DM,24
Mariano Ríos,ST,17
Martín Ojeda,AM RL,20
Matías Forlano,AM RL,18
Matías Polvera,ST,17
Mauro Bogado,M RC,34
Maximiliano Zelaya,D C,22
Nicolás Cordero,ST,20
Nicolás Romat,D RLC,31
Norberto Briasco,AM RL* ST,23
Pablo Oro,ST,17
Rafael Ferrario,GK,19
Rodrigo Cabral,ST,18
Rodrigo Gómez,AM RC,26
Santiago Acha,D C,19
Santiago Hezze,DM,17
Santiago Luján,ST,17
Saúl Salcedo,D C,21
Sebastián Meza,GK,20
Sebastián Ramírez,AM C,18
Walter Pérez,D LC* M LC,20
Agustín Quiroga,D C,17
Alan Franco,D C* DM,22
Alan Soñora,AM C,20
Alan Velasco,AM C,16
Alejo Ayoso,AM LC,17
Alexander Barboza,D C,24
Alexis Ortiz,M C,18
Alexis Perea,D R,18
Andrés Roa,AM C,26
Antonio Erburu,ST,19
Braian Romero,AM RL* ST,28
Brian Martínez,AM L,19
Carlos Benavídez,DM,21
Carlos Benítez,D R,19
Cecilio Domínguez,AM RL* ST,24
Christopher Johnson,GK,20
Cristian Barco,AM C,18
Diego Mercado,DM,22
Domingo Blanco,AM RLC,24
Emanuel Mercado,ST,22
Enzo Martínez,D/WB L,22
Ezequiel Moschen,D R,19
Ezequiel Serrizuela,D L,20
Ezequiel Vilán,D/WB R,21
Fabricio Bustos,D/WB/M R,23
Facundo Lando,M RC,19
Federico Zella,AM R* ST,20
Fernando Chávez,D C,20
Fernando Da Rosa,AM C,18
Francisco Delorenzi,D C,21
Gastón Silva,D LC,25
Gastón Togni,AM L,21
Hernán Marín,D L,18
Ignacio Medina,AM C,18
Juan Da Rosa,AM RLC* F C,21
Juan Di Lorenzo,D C,20
Juan Freyre,ST,17
Juan Kulak,DM,17
Juan Pacchini,AM C,19
Juan Roman,AM RL* ST,18
Juan Sánchez Miño,D/WB/M L,29
Julián Vitale,DM,23
Jure Marinovich,GK,19
Lautaro Bartoloni,D R,19
Lautaro Sáez,ST,18
Leandro Fernández,ST,28
Lucas Abadie,AM/F C,20
Lucas González,M C,19
Lucas Lezcano,ST,21
Lucas Romero,D R* DM,25
Marcos Landaburu,ST,18
Mariano Olivera,D L,22
Martín Campaña,GK,30
Mateo Mayor,D L,21
Matías Sayavedra,GK,17
Mauro Molina,ST,19
Mauro Zurita,D C,19
Milton Álvarez,GK,30
Nahuel Paz,AM RLC,19
Nicolás Scarpa,ST,18
Pablo Hernández,DM* AM LC,32
Patricio Ostachuk,M RC,19
Renzo Bacchia,GK,20
Rodrigo Márquez,AM RL* ST,17
Samuel Nken,ST,19
Santiago Ayala,ST,17
Sergio Barreto,D C,20
Sergio Ojeda,D C,27
Silvio Romero,ST,30
Thomas Ortega,D L,18
Tomás Pozzo,AM C,18
Agustín Llanos,D C,19
Agustín Rossi,GK,23
Agustín Vallejos,D R,20
Alejo Tabares,D C,18
Alexander Barcía,ST,18
Alexandro Bernabéi,D/WB/M L,18
Antonio Peralta,AM L,16
Bautista Silva,AM C,19
Brian Aguirre,D R,18
Carlos Auzqui,AM R* ST,28
Carlos Soler,GK,19
Cristian Torres,AM C,19
David Sayago,ST,19
Demián Forner,ST,20
Elías Brítez,AM R,18
Enzo Caciorgna,D R,19
Ezequiel Muñoz,D C,28
Facundo Pérez,M RC,19
Facundo Quignón,DM,26
Fernando Belluschi,AM C,35
Francisco Décima,AM R* ST,19
Franco Daranno,AM LC,19
Franco Méndez,ST,20
Franco Orozco,AM L* ST,17
Franco Ortellado,D C,18
Gianfranco Lillo,D C,20
Gonzalo Casazza,D L,20
Guillermo Burdisso,D C,30
Guillermo Sara,GK,31
Ignacio Cechi,AM C,17
Ignacio Gauna,D C,19
Isaac Merlo,AM C,22
Joaquín Cepeda,AM R,19
José Luis Gómez,D/WB RL* M R,25
José Sand,ST,38
Juan Cisterna,AM R* ST,19
Juan Pablo Cozzani,GK,20
Juan Pablo Krilanovich,AM R* ST,17
Juan Pablo Rodríguez,D C,16
Juan Vera,AM C,16
Julián Aude,D L,16
Kevin Benítez,D C,16
Kevin Lomónaco,D C,17
Lautaro Acosta,AM RL,31
Lautaro Morales,GK,19
Lautaro Valenti,D C,20
Leonel Belecco,D/WB L,22
Leonel Di Placido,D/WB/M R,25
Lucas Blanco,AM L,17
Lucas Varaldo,ST,17
Lucas Vera,DM* AM RC,22
Lucio Castillo,AM R* ST,17
Marcelino Moreno,AM RLC,24
Matías Belloso,ST,19
Matías Esquivel,M LC,20
Matías González,AM RL,22
Matías Pérez,D C,19
Matías Vera,D/WB RL,20
Mauro García,ST,19
Nicolás Morgantini,D/WB R,24
Nicolás Orsini,ST,24
Nicolás Pasquini,D/WB L* DM* M L,28
Nicolás Thaller,D C,20
Ousmane Ndong,D C,19
Pablo Aranda,D C,18
Pablo Martínez,M L,22
Patricio Albornoz,GK,19
Pedro De La Vega,AM RL* ST,18
Ramiro Pereyra,D L,16
Rocco Ríos Novo,GK,17
Samuel Careaga,AM C,17
Santiago Maidana,GK,19
Sebastián Herrera,DM,21
Sebastián Zeballos,ST,17
Tomás Belmonte,DM,21
Tomás Canteros,GK,17
Valentín Gasc,DM* M R,18
Alan Aguerre,GK,28
Alan Luque,D RC,20
Alexis Rodríguez,AM RL* ST,23
Alexis Schmidt,D RLC,18
Andrés Origaen,ST,20
Ángelo Gabrielli,D RL,26
Aníbal Moreno,AM C,20
Braian Rivero,DM,23
Brian Aguirre,AM RL* ST,16
Brian Bustos,GK,22
Brian Calderara,D/WB L,21
Brian Gambarte,AM RL,20
Cristian Insaurralde,AM R* ST,27
Cristian Lema,D C,29
Denis Rodríguez,AM RC,23
Diego Alegre,GK,18
Diego Calcaterra,DM,17
Diego Gonzalez,D/WB/M R,22
Dino Andreozzi,D/WB R,16
Elías Del Sonno,M RC,20
Enzo Cabrera,AM/F C,19
Fabricio Fontanini,D C,29
Facundo Mansilla,D C,20
Facundo Nadalín,D/WB R,21
Facundo Pardo,D C,21
Felipe San Juan,GK,18
Francisco González,AM RL,18
Franco Antoniolli,GK,19
Franco Capitani,ST,20
Gastón Ascona,D/WB R,20
Ian Glavinovich,D/WB R,17
Ignacio Rivera,D R,18
Iván Prefasio,DM,17
Jeronimo Cacciabue,DM,21
Jonathan Cuero,D C,18
José Suárez,AM C,16
Juan Caffaro,AM L,19
Juan Pablo Freytes,D LC,19
Juan Sebastián Sforza,AM C,17
Julián Fernández,DM,24
Lisandro Cabrera,ST,21
Lucas Albertengo,ST,28
Luciano Cingolani,AM RL,18
Lucio Almada,AM RC,18
Lucio Bagalá,D/WB L,21
Lucio Urquía,D RC,16
Luís Leal,AM RL* ST,32
Manuel Llano,M C,19
Marcelo Eggel,AM RC,20
Marco Campagnaro,M C,16
Marcos Meriles,AM L* ST,19
Mariano Bittolo,D/WB L,29
Martín Bellotti,DM,17
Mateo Broglia,D L,20
Mateo Maccari,DM,18
Matias Odone,D L,20
Matías Orihuela,D/WB/M L,27
Mauro Formica,AM LC,31
Maxi Rodríguez,AM RLC,38
Milton Leyenderker,D C,21
Nahuel Arce,D R,20
Nahuel Cisneros,AM RLC,21
Nazareno Funez,ST,18
Nazareno Gatas,GK,20
Nelson Ibáñez,GK,38
Nicolás Aires,ST,18
Nicolás Castro,AM C,18
Pablo Pérez,M C,33
Patricio Acevedo,D/WB R,16
Ramiro Macagno,GK,22
Ramiro Sordo,AM C,19
Rodrigo Salinas,ST,32
Rodrigo Scagliarini,D C,19
Román Bravo,ST,18
Santiago Gentiletti,D C,34
Sebastián Palacios,AM RL* ST,27
Stefano Callegari,D C,22
Thomas Silvero,AM/F C,19
Tiago Ruíz Díaz,D RC,21
Tobías Donsanti,ST,19
Valentín Benítez,D C,17
Williams Barlasina,GK,21
Abiel Cáceres,GK,18
Agustín Andreoli,ST,19
Agustín Metz,AM C,18
Agustín Pastorelli,AM L,21
Agustín Sufi,WB/AM R,24
Alejo Villanueva,GK,18
Alexander Sosa,ST,17
Brian Giménez,AM LC,18
Brian Negro,D C,21
Brian Nievas,DM,21
Bruno Chávez,ST,22
Bruno Urribarri,D/WB L,32
Cristian Chimino,D/WB/M R,31
Cristian Tarragona,ST,28
Damián Lemos,DM,30
Dardo Miloc,DM,28
Diego Ruilova,M LC,19
Emanuel Del Bianco,D LC,21
Emiliano Griffa,AM R,20
Facundo Lucero,D C,19
Faustino Dettler,AM L* ST,21
Federico Costas,GK,30
Federico Mancinelli,D RC,37
Federico Vietto,ST,21
Fernando Luna,AM RC,29
Francisco Leconte,M RL,19
Francisco Yppolitti,D/WB L,18
Franco Rivasseau,GK,21
Gabriel Ávalos,ST,28
Gabriel Compagnucci,AM R,27
Gabriel Díaz,D C* DM,29
Gabriel Schvindt,DM,20
Hugo Silveira,ST,26
Iván Cháves,GK,19
Ivo Quiroz,AM L,19
Jerónimo Almada,D C,17
José Barreto,ST,19
Juan Cruz Franzoni,ST,19
Juan Cruz Guasone,D C,18
Juan Galetto,D R,22
Juan Pablo Barinaga,M R,19
Juan Paniagua,AM C,16
Julián Chicco,DM,21
Lautaro Comas,AM LC,24
Lautaro Torres,AM C,22
Leandro Marín,D RC,27
Luciano Espíndola,GK,20
Luciano Vechette,AM R* ST,19
Martín Aruga,D/WB L,20
Mateo Ferreyra,D RC,18
Mateo Komar,D C,21
Mathías Abero,D/WB/M L,29
Matías Escudero,D C,30
Matías Ibáñez,GK,32
Maximiliano Pedrozo,D/WB L,18
Nahuel Cornero,ST,20
Nicolás Delgadillo,AM L,21
Nicolás Marchesín,D C,20
Oliver Benítez,D LC,28
Pablo Albano,DM,20
Pablo Cortizo,DM,29
Pablo Hofstetter,DM,18
Pablo Rodríguez,D C,22
Renzo Goro,D/WB R,20
Renzo Ramírez,D C,17
Román Comas,ST,19
Santiago Briñone,M C,22
Santiago Rosales,AM RL,24
Santino Giacinti,D C* DM,17
Tomás Cáceres,AM R,19
Tomás Cainero,ST,23
Walter Andrade,D C,34
Agustín Araujo,D/WB L* AM RL,20
Agustín Charra,D C,19
Agustin Rojas,AM C,19
Alan Ortiz,AM RLC,20
Alan Sotelo,D/WB R* M C,18
Alejo Juárez,GK,17
Alexander Fraga,DM,17
Alexis Soto,D/WB/M L,25
Alexis Villarroel,AM/F C,18
Ángel Gómez,AM LC,17
Augusto Rodríguez Blanco,GK,19
Augusto Solari,D/WB/AM R,27
Benjamín Garré,AM RLC,18
Blas Indovino,D LC,17
Bruno Alessandro,M C,18
Bruno Dordoni,D LC,20
Carlos Alcaraz,AM RC,16
Carlos Olses,GK,18
Cristian Oyola,D L,19
Daniel Juárez,GK,17
Dante Franco,D/WB R,17
Darío Cvitanich,ST,35
David Barbona,AM RLC,24
David Córdoba,D/WB R,19
Diego González,DM,31
Elías Machuca,D C,16
Emiliano Saliadarre,ST,17
Enzo Gómez,AM RL,20
Eugenio Mena,D/WB/AM L,30
Evelio Cardozo,AM C,18
Fabián Sánchez,D/WB/M L,17
Facundo Dávila,D L,17
Facundo Espósito,ST,19
Facundo Ríos,AM RL,19
Facundo Salto,ST,17
Federico Escobar,GK,19
Federico Rotela,WB/M R,20
Fernando Prado,D LC,18
Franco Muscogorry,GK,18
Gabriel Arias,GK,31
Gastón Gómez,GK,23
Gervasio Olivera,D/WB L,18
Gonzalo Errecalde,D C,19
Héctor Fertoli,AM RL* ST,24
Ignacio Galván,D/WB L,16
Ignacio Walsh,GK,19
Imanol Segovia,D C,18
Iván Cuello,D/WB/AM R,17
Iván Maggi,ST,20
Iván Pillud,D/WB R,33
Javier García,GK,32
Javier Martínez,ST,20
Jonathan Cristaldo,ST,30
Juan Cáceres,WB R* M RC,19
Juan Sánchez de León,D C* DM,19
Julián López,DM* M RC,19
Leandro Godoy,ST,18
Leonardo Sigali,D RC,32
Leonel Miranda,DM,25
Lisandro López,ST,36
Luca Andrada,M C,18
Lucas Núñez,AM C,16
Lucas Orbán,D LC,30
Luis Dezi,AM RL* ST,19
Maico Quiroz,M C,17
Marcelo Díaz,DM,32
Martín Río,DM,18
Matías Escudero,D/WB R,20
Matías Núñez,DM,18
Matías Rojas,AM LC,23
Matías Zaracho,AM RC,21
Mauricio Martínez,D C* DM,26
Mauro Luque,D/WB RL,20
Nahuel Castillo,D C,17
Nery Domínguez,D C* DM,29
Nicolás Cabas,GK,16
Nicolás López,ST,19
Nicolás Morandi,D C,20
Nicolás Oroz,AM LC,25
Nicolás Reniero,AM RLC* F C,24
Nicolás Stella,GK,22
Pablo Córdoba,DM,18
Patricio Tanda,DM* AM C,17
Roberto León,GK,17
Rosendo Barni,AM RLC,18
Tiago Banega,AM C,20
Tomás Cáceres,D C,17
Walter Montoya,AM R,25
Walter Naranjo,AM RC,18
Yamil García,ST,17
Agustín Gómez,GK,17
Alan Díaz,GK,19
Alejandro Rodríguez,GK,18
Augusto Aguirre,D C,19
Benjamín Rollheiser,AM R* ST,19
Bruno Fernández,D/WB R,20
Bruno Zuculini,DM,26
Cristian Ferreira,AM LC,19
Daniel Lucero,ST,17
Daniel Montagnino,GK,18
Duvan Balceiro,AM C,17
Dylan García,D L,19
Elías López,D/WB R,18
Enrique Bologna,GK,37
Enzo Fernández,DM,18
Enzo Pérez,DM,33
Eric Rajal,AM LC* F C,19
Ezequiel Centurión,GK,22
Fabrizio Angileri,D/WB/M L,25
Facundo López,D R,17
Facundo Palavecino,D R,17
Federico Girotti,ST,20
Felipe Peña Biafore,ST,17
Flabian Londoño Bedoya,ST,18
Francisco Espinoza Barreto,D C,19
Franco Alfonso,AM R,17
Franco Armani,GK,32
Franco Camargo,D/WB R,18
Franco Paredes,D RC,20
Franco Petroli,GK,21
Franco Valentini,D/WB/M L,18
Gabriel Chocobar,D RC,19
Germán Lux,GK,37
Gerónimo Zapata,DM,19
Giuliano Lucca,AM L,19
Gonzalo Montiel,D R,22
Gonzalo Silva,M R,20
Hernán López Muñoz,AM C,18
Hyago Brito,D/WB L,17
Ignacio Fernández,AM RC,29
Ignacio Scocco,AM RC* F C,34
Iván Rossi,DM,25
Javier Pinola,D C,36
Jorge Carrascal,AM LC,21
José Tomino,D C,20
Juan Fernando Quintero,AM RLC,26
Juan Martín Rojas,GK,19
Julián Álvarez,AM RLC,19
Julián Rodríguez Vuotto,D C,19
Kevin Sibille,D C,20
Leandro Peña Biafore,D C,16
León Gómez Ferreño,ST,18
Leonardo Ponzio,DM,37
Lucas Acosta,ST,20
Lucas Beltrán,ST,18
Lucas Martínez Quarta,D C,23
Lucas Pratto,ST,31
Luciano Paz,AM/F C,18
Luciano Vera,D L,17
Martín Lombardi,AM C,17
Mateo Martínez,D R,19
Matías Benítez,ST,18
Matías Sánchez,D LC,20
Matías Suárez,AM L* ST,31
Milton Casco,D/WB RL,31
Nahuel Casasola,DM,18
Nicolás De La Cruz,AM LC,22
Oswaldo Valencia Motta,ST,16
Pablo Cáceres,ST,16
Patricio Nuñez,M C,19
Paulo Díaz,D RC,24
Rafael Santos Borré,ST,23
Robert Rojas,D RC,23
Román Suárez,D C,18
Santiago Montiel,D LC,18
Santiago Simón,AM R,17
Santiago Sosa,DM,20
Sebastián Medina,D/WB/M L,18
Thomás Gutiérrez,D C* DM,19
Tomás Castro Ponce,M RC,18
Tomás Galván,AM C,19
Tomás Lecanda,D C,17
Valentín Gargiulo,AM L,18
Valentín Matlis,DM,19
Valentín Sánchez,GK,19
Agustín Agüero,ST,20
Agustín Casafus,DM,19
Agustín Irazoque,D C,19
Agustín Príncipe,ST,18
Alan Marinelli,AM L,20
Brian Ganchier,D C,20
Ciro Rius,AM R* ST,30
Claudio Riaño,AM R* ST,30
Cristian González,D C,22
Damián Martínez,D/WB R,29
Diego Novaretti,D C,34
Diego Zabala,AM RL,27
Emanuel Brítez,D RLC,27
Emmanuel Ojeda,D C* DM,21
Fabián Rinaudo,DM,32
Facundo Almada,D C,20
Federico Martínez,AM R* ST,23
Fernando Godoy,D RC,18
Francesco Lo Celso,AM LC,19
Franco Bustos Glavas,AM R* ST,17
Franco Frías,ST,17
Franco Sarco,AM R,18
Gino Infantino,AM R,16
Ignacio Russo,ST,18
Iván Serrano,AM C,19
Jeremías Ledesma,GK,26
Jerónimo Riart,GK,16
Jerónimo Rodríguez,AM LC,21
Joan Mazzaco,D/WB L,19
Joaquín Laso,D RC,28
Joaquín Pereyra,AM LC,20
Joel López Pissano,M LC,22
Jonás Aguirre,AM L,27
Josué Ayala,GK,31
Juan Pablo Romero,GK,21
Julián Jerkovic,D RL,17
Julio Luques,DM,16
Kevin Gutiérrez,DM,22
Lautaro Blanco,D L,20
Lautaro Giaccone,AM L* ST,18
Leonel Rivas,AM C,19
Luca Vicario,GK,20
Lucas Espíndola,D RC,20
Lucas Gamba,AM R* ST,32
Luciano Ferreyra,AM C,17
Marcelo Miño,GK,21
Marco Ruben,ST,32
Martín Parada,AM C,18
Mateo Tanlongo,AM R,15
Mauricio Maslovski,GK,19
Nahuel Castro,ST,20
Nahuel Franco,D L,17
Nain Amud,D C,19
Nicolás Colazo,D/WB L* AM LC,28
Rafael Sangiovani,WB R* M RC,21
Ramiro Peralta,AM C,16
Raúl Chamorro,D R,20
Rodrigo Gómez,AM RL,17
Rodrigo González,AM R* ST,19
Rodrigo Pasquini,ST,19
Rodrigo Villagra,DM,18
Samir Casasola,DM,19
Santiago Gangi,DM,16
Santiago Ibáñez,M C,19
Santiago Sarantonelli,ST,19
Sebastian Ribas,ST,31
Tomás González,D C,20
Tomás O'Connor,AM C,17
Abdel Razack,D R,16
Adam Bareiro,ST,22
Adolfo Gaich,ST,20
Agustín Hausch,ST,16
Agustín Lamosa,D C,18
Agustín Martegani,AM LC,19
Agustín Mellone,AM R,19
Agustín Peralta Bauer,D/WB R,19
Alan Asín,D C,17
Alejandro Donatti,D C,32
Alexander Díaz,AM RL* ST,19
Alexis Sabella,AM/F C,18
Ángel Romero,AM RL* ST,26
Aníbal Romero,D R,20
Bautista Leal,AM R,18
Bruno Pittón,D/WB L,26
Daniel Barreto,AM C,19
David Argañaras,AM C,17
Diego Cocha,AM RC,17
Diego Rodríguez,DM,29
Eduardo García,ST,17
Elián Ávalos,D C,16
Ezequiel Cerutti,AM RL* ST,27
Ezequiel Chávez,GK,20
Ezequiel Herrera,D C,16
Fabio Aranda,ST,16
Fabricio Coloccini,D C,37
Federico Gattoni,D C,20
Fernando Monetti,GK,30
Francisco Flores,D C,17
Francisco Galván,AM R* ST,19
Francisco Perruzzi,DM,18
Francisco Rivadeneira,GK,19
Franco Amarfil,AM R,18
Franco Lo Tártaro,GK,19
Gastón Hernández,D C,21
Gerónimo Poblete,DM,26
Gino Peruzzi,D/WB R,27
Gonzalo Luján,D RC,17
Gonzalo Ríos,ST,20
Gonzalo Rodríguez,D C,35
Ignacio Perrotta,D C,19
Ignacio Piatti,AM LC* F C,34
Ignacio Vallejos,AM C,18
Iván Leguizamón,AM C,17
Jasond Gonzáles,ST,20
Jasond González,ST,20
Jerónimo Porto Lapegüe,AM R* ST,18
Joaquín Ramos,GK,22
José Vivanco,D LC,21
Juan Goyeneche,AM R* ST,18
Juan Ramírez,AM LC,26
Julián Palacios,AM/F C,20
Laureano Cabral,ST,19
Lautaro López,GK,18
Leonel Barrionuevo,GK,18
Lucas Dellagiovanna,GK,20
Lucas Menossi,DM* M RC,26
Lucio Martínez Trejo,DM,18
Luis Sequeira,ST,16
Marcelo Herrera,D R,20
Marcos Agüero,ST,18
Mariano Peralta Bauer,ST,21
Mateo Clemente,GK,17
Matías Castillo,D R,19
Matías Palacios,AM C,17
Matías Rapetti,D LC,20
Matías Sosa,D C* DM,18
Mauricio Suica,AM C,16
Máximo Masino,D C,17
Miguel Rial,D L,19
Nahuel Manzo,ST,21
Nicolás Fernández,AM L* ST,23
Nicolás Fernández,AM LC,19
Nicolás Navarro,GK,34
Oscar Romero,AM RC,26
Ramiro Pintos,D L,19
Ramón Arias,D RC,26
Renzo Conechny,ST,18
Rodrigo Cavallera,D C,19
Rufino Lucero,D R,17
Santiago Ávila,ST,19
Santiago Torres,GK,18
Santiago Vergini,D RC,30
Sebastián Mieres,D C,19
Sebastián Torrico,GK,39
Siro Cabral,AM RC,19
Tobías Terán,WB/M L,18
Tomás Silva,D L,16
Víctor Salazar,D/WB RL,26
Andrés Cubas,DM,23
Andrés Marsengo,GK,17
Augusto Schott,D/WB R,19
Bruno Agüero,DM,18
Carlos Villalba,DM,21
César Zárate,D C,18
Conrado Puigdellivol,DM,18
Cristian Ojeda,AM L,20
David Romero,ST,16
Dayro Moreno,AM RC* F C,33
Diego Valoyes,AM R* ST,22
Eduardo Barreyro,AM L,18
Enzo Díaz,D/WB L,23
Ezequiel Mastrolía,GK,28
Facundo Medina,D LC,20
Facundo Rojas,AM C,17
Fausto Medina,DM,17
Favio Cabral,ST,18
Federico Navarro,DM,19
Federico Visconti,D C,18
Fernando Bersano,D L,21
Francisco Gualtieri,GK,16
Franco Fragapane,AM L,26
Franco Fragueda,GK,18
Franco Malagueño,D/WB/M R,20
Gabriel Espíndola,M RC,21
Gastón Ortiz,AM LC,22
Gastón Torres,AM RL,19
Guido Herrera,GK,27
Guilherme Parede,AM RC* F C,23
Javier Gandolfi,D C,38
Jhon Quintero,AM C,17
Joaquín Blazquez,GK,18
Jonathan Menéndez,AM RLC,25
José Mauri,DM,23
Juan Bonet,ST,20
Juan Cruz Komar,D C,22
Juan Ignacio Méndez,AM RLC,22
Juan Pablo D'Angelo,D C,16
Julián Malatini,D RC,18
Laureano Martínez,GK,16
Lautaro Dybala,AM L,20
Lautaro Guzmán,AM L,19
Leonardo Godoy,D/WB/M R,24
Leonardo Medina,AM R,18
Lucas Taborda,D R,21
Marcos Arturia,AM R* ST,21
Martín Payero,DM,20
Martín Trepat,AM R,18
Mateo Mamani,ST,17
Mauricio Caranta,GK,40
Mauro Ortiz,AM RC* F C,24
Mauro Vega,AM RC,21
Mirko Vivas,D R,16
Nahuel Bustos,AM RL* ST,20
Nahuel Tenaglia,D RLC,23
Nicolás Gamarra,ST,19
Nicolás Sacca,D/WB L,18
Nicolás Zalasar,DM* M RC,18
Octavio Moscarelli,D C,18
Pablo Solari,AM L,18
Rafael Pérez,D C,29
Renzo Paparelli,D C,22
Santiago Toloza,M C,16
Sheyko Studer,D C,16
Stefano Zarantonello,ST,19
Tomás Pochettino,AM RC,23
Ulises Luna,D/WB L,17
Valentín Giraudo,AM RL* ST,17
Alan Sosa,GK,23
Alessandro Balbo,D C,17
Alexis Arias,ST,20
Alfredo Pussetto,AM R* ST,20
Braian Álvarez,AM L,21
Brian Blasi,D RC,23
Brian Duarte,AM L* ST,20
Brian Sobrero,M RC,20
Claudio Corvalán,D/WB L,30
Emanuel Cecchini,DM,22
Ezequiel Bonifacio,D/WB R,25
Ezequiel Cañete,AM/F C,20
Federico Bonansea,GK,21
Federico León,M R,20
Federico Milo,D/WB/M L,27
Fernando Elizari,AM LC,28
Francisco Gerometta,D/WB R,19
Franco Calderón,D LC,21
Franco Godoy,D LC,19
Franco Troyansky,ST,22
Gabriel Carabajal,AM LC,28
Gastón Comas,M C,21
Gastón González,D C,17
Gastón González,ST,18
Gonzalo Bologna,D/WB L,20
Guillermo Méndez,AM LC,24
Ignacio Pastore,D/WB R,18
Imanol Machuca,AM C,19
Jalil Elías,D R* DM,23
Javier Cabrera,AM RL,27
Javier Méndez,DM,24
Joel Calamante,GK,19
Jonathan Bottinelli,D C,34
Jorge Zules Caicedo,D C,28
Juan Bedouret,D C,20
Juan Ignacio Nardoni,DM,16
Kevin Zenón,AM L,17
Lautaro Zin,D RC,21
Leonel Bucca,AM C,20
Leonel Ledesma,D C,18
Lisandro Tablada,ST,17
Lucas Capocetti,AM LC,20
Lucas Esquivel,WB/M L,17
Lucas Morales,AM C,19
Lucas Ríos,AM RL,21
Lucas Samaniego,D C,19
Luciano Tittoni,AM C,19
Lucio Berrón,M C,18
Marcos Peano,GK,20
Martín Caballo,M C,20
Matías Mikelianas,ST,20
Mauro Luna Diale,AM RC* F C,20
Máximo Ceratto,DM,18
Nicolás Ilchischen,GK,18
Nicolás Mazzola,ST,29
Nicolás Paz,D C,16
Rodrigo Castillo,ST,20
Santiago Lebus,AM R,22
Sebastián Assis,DM* M RC,26
Sebastián Moyano,GK,28
Tomás Reynoso,ST,20
Valentino Werro,D/WB R,17
Walter Bou,ST,25
Abiel Osorio,ST,17
Adrián Campos,AM RL,19
Agustín Bouzat,AM RL,25
Agustín Guariglia,AM L* ST,19
Agustín Mulet,DM,19
Agustín Rojas,D L,19
Alexander Domínguez,GK,32
Alexandro Benítez,M C,17
Alexis Barraza,AM C,16
Alexis Oviedo,M C,16
Álvaro Barreal,AM RL,18
Álvaro Juárez,D C,16
Alvaro Marín,ST,16
Andrés Romano,AM RL,17
Ariel Muñoz,M C,18
Bautista Godoy,AM L* ST,19
Benjamín Molina Puga,D C,17
Braian Cufré,D L,22
Cristian Nuñez,DM,21
Cristian Romero,GK,17
Damián Fernández,D C,18
Elías Cabrera,AM C,16
Emiliano Bogado,AM RL,21
Emmanuel Gómez Riga,GK,17
Fabián Cubero,D RC,40
Facundo Cáseres,AM C,18
Facundo Perrone,GK,19
Facundo Pimienta,AM RL,15
Federico Versaci,AM RLC,17
Felipe Di Lena,D L,18
Fernando Gago,DM,33
Florián Monzón,ST,18
Francisco Ortega,D/WB/AM L,20
Franco Confessore,M C,18
Franco Rossin,AM L,18
Franco Vega,M C,17
Gabriel González,GK,18
Gastón Giménez,DM,27
Gastón Tomasini,D C,18
Gianluca Francone,ST,17
Gianluca Pugliese,D/WB R,21
Gonzalo Castiñeira,ST,17
Gonzalo Rodríguez,M C,21
Hernán De La Fuente,D/WB R,22
Ian Rasso,D C,18
Ignacio Benítez,M C,18
Ignacio Gutiérrez,M C,17
Isaías Andrada,D R,16
Isaías Barroza,AM L,18
Jeremías Gallo,D C,17
Joaquín García,D R,17
Joaquín Moreyra,D/WB L,21
Jonathan Berón,ST,17
Juan Eloy Fanti,DM,19
Juan Ghia,AM C,16
Juan Pereyra,ST,18
Julián Taverna,D C,20
Julián Villalón,D/WB L,20
Juvenal Ticak,D C,18
Lautaro Cano,D L,16
Lautaro Garelli,D R,16
Lautaro Giannetti,D C,25
Lenny Lobato,AM RL,18
Lucas Escobar,GK,17
Lucas Hoyos,GK,30
Lucas Janson,AM RL,24
Lucas Orellano,AM RL,19
Lucas Patanelli,AM RLC,19
Lucas Rebecchi,AM L* ST,18
Lucas Robertone,AM C,22
Luciano Maidana,WB/AM L,16
Luis Abram,D C,23
Manuel Cocca,D C,17
Marcos Enrique,DM,19
Martín López,D C,19
Mateo Cabrera,M C,18
Mateo Pellegrino,ST,17
Matías Abruzzese,AM C,18
Matías Bilbao,AM RL,16
Matías Borgogno,GK,20
Matías de los Santos,D C* DM,26
Matías Steib,D C,17
Mauro Pittón,M C,24
Maximiliano Romero,ST,20
Máximo Perrone,M C,16
Miguel Brizuela,D C,22
Nadir Hadad,AM RLC,20
Nazareno Ferreyra,GK,19
Nazareno Romero,D L,19
Nicolás Garayalde,M C,19
Pablo Galdames,DM,22
Patricio Flamenco,DM,18
Patricio Pernicone,D C,17
Pedro Rodríguez,AM RL,16
Ramiro Cordero,GK,17
Ricardo Centurión,AM RL,26
Ricky Álvarez,AM C,31
Rodrigo Giusto,DM,18
Rodrigo Sar,D C,19
Roger Rojas,ST,18
Santiago Centurión,D R,17
Santiago Coronel,M C,18
Santiago Gorno,ST,17
Santiago Jara,ST,18
Sergio Ulibarri,D R,17
Thiago Almada,AM RLC* F C,18
Thiago Ojeda,AM RLC,16
Tobías Coppo,D C,18
Tobías Fernández,AM R,18
Tobías Torrielli,AM L,20
Tobías Zárate,ST,18
Tomás Bugallo,D C,19
Tomás Capdevila,GK,17
Tomás Cavanagh,D L,18
Tomás Dolder,AM R,19
Tomás Guidara,D/WB R,23
Tomás Petrungaro,AM L,18
Tomás Rocha,D C,16
Tomás Rojas,D C,17
Valentín Gelos,D C,16
Vicente Barberini,AM L,16
Yago De Vito,D C,18
Yago Yomayel,D C,16
